Workbook

Sheet 1236  1260
A1: Fbaez | AL1: OBSERVACIONES | AM1: REFERENCIA
A2: G1 TM- 06a18HS | G2: 1 | H2: 2 | I2: 3 | J2: 4 | K2: 5 | L2: 6 | M2: 7 | N2: 8 | O2: 9 | P2: 10 | Q2: 11 | R2: 12 | S2: 13 | T2: 14 | U2: 15 | V2: 16 | W2: 17 | X2: 18 | Y2: 19 | Z2: 20 | AA2: 21 | AB2: 22 | AC2: 23 | AD2: 24 | AE2: 25 | AF2: 26 | AG2: 27 | AH2: 28 | AI2: 29 | AJ2: 30 | AK2: 31 | AM2: BLANCO | AN2: P
A3: JERARQUIA | B3: NOMBRE Y APELLIDO | C3: LP/DNI | D3: CELULAR | E3: FUNCION | F3: DOMICILIO | G3: S | H3: D | I3: L | J3: M | K3: M | L3: J | M3: V | N3: S | O3: D | P3: L | Q3: M | R3: M | S3: J | T3: V | U3: S | V3: D | W3: L | X3: M | Y3: M | Z3: J | AA3: V | AB3: S | AC3: D | AD3: L | AE3: M | AF3: M | AG3: J | AH3: V | AI3: S | AJ3: D | AK3: L | AM3: AMARILLO | AN3: FA
A4: JEFE DE SERVICIO | AM4: CELESTE | AN4: LM
A5: Inspector | B5: Aguirre, Alan | C5: 4532 | D5: 11-5619-5264 | E5: JEFE DE SERVICIO | F5: Almirante Brown 2484 dpto 2 - Moreno (PBA) | H5: P | J5: P | L5: P | P5: P | R5: P | T5: P | V5: P | X5: P | Z5: P | AD5: FA | AF5: P | AH5: P | AJ5: P | AM5: VERDE | AN5: LA
A6: OFICIALES DE LINEA | AM6: VERDE CLARO | AN6: LXUC
A7: Of. Mayor | B7: Meza, Gastón | C7: 3375 | D7: 11-4176-1568 | E7: OF 9DJ | F7: MENDOZA 1685 - FLORENCIO VARELA | H7: P | J7: P | L7: P | P7: P | R7: P | T7: P | V7: P | X7: LA | Y7: LA | Z7: LA | AA7: LA | AB7: LA | AC7: LA | AD7: LA | AE7: LA | AF7: LA | AG7: LA | AH7: LA | AI7: LA | AJ7: LA | AK7: LA | AL7: 46267 | AM7: GRIS | AN7: SAN
A8: Of. Mayor | B8: Tolaba, Adrian | C8: 6850 | D8: 1127544762 | E8: OF DE LINEA | F8: MIrave 3020 | H8: P | L8: P | N8: FAC | P8: LA | Q8: LA | R8: LA | S8: LA | T8: LA | U8: LA | V8: LA | W8: LA | X8: LA | Y8: LA | Z8: LA | AA8: PASA AL GRUPO 2 | AM8: AUSENTE | AN8: A
A9: Of. Mayor | B9: Rodríguez, Cristian | C9: 46641 | D9: 11-5869-7419 | E9: OF DE LINEA | F9: Turner 535 - Tristan Suarez | H9: P | J9: P | L9: P | P9: P | R9: P | T9: LM | U9: LM | V9: LM | X9: CG | Y9: P | Z9: P | AH9: CG | AI9: P | AJ9: P
A10: Of. Primero | B10: Pérez, Ramón | C10: 77827 | D10: 11-2756-0412 | E10: OF DE LINEA | F10: TORIBIO DE LUZURIAGA 2050-HURLINGAM- | G10: LA | H10: LA | I10: LA | J10: LA | K10: LA | L10: LA | M10: LA | N10: LA | P10: FA | R10: P | T10: P | V10: P | X10: P | Z10: P | AC10: - | AD10: P | AF10: P | AH10: P | AJ10: P | AM10: ROSA | AN10: LXM/LXP
A11: Of. Primero | B11: Rivero, Marcos | C11: 7025 | D11: 11-6930-2194 | E11: OFICIAL DE LÍNEA | F11: Tucuman 881 P.11 DPTO. 95- CABA | AJ11: P
A12: Oficial | B12: Vallejos, Catherine | C12: 59764 | D12: 11-6637-4311 | E12: AUX SISEP / SAE | F12: Santa Fe 124 Lomas | H12: P | J12: P | L12: P | P12: P | R12: P | V12: P | X12: P | Z12: FA | AD12: P | AF12: CG | AG12: P | AH12: P | AJ12: P | AM12: NARANJA | AN12: LxF
A13: Oficial | B13: Bravo Ayelén Antonela | C13: 59059 | D13: 11-5483-8847 | E13: OF DE LINEA | F13: El Benteveo 2597- Rafael Calzada | H13: FA | J13: P | L13: P | Q13: P | R13: P | T13: P | Z13: P | AD13: 5 | AH13: P | AJ13: FA | AM13: MORADO | AN13: FAC
A14: Oficial | B14: Crespin, Veronica | C14: 38107 | D14: 11-4093-5484 | E14: GAP | F14: Olaya 1049 4D - CABA | H14: CG | J14: LLT | L14: LM | O14: LLT | P14: LLT | R14: LLT | T14: LLT | V14: LLT | X14: LLT | Z14: LLT | AD14: P | AF14: LLT | AH14: LLT | AJ14: P
A15: Oficial | B15: Guzman, Yesica Mariel | C15: 29049 | D15: 11-3922-7578 | E15: OFICIAL DE LÍNEA | F15: SCHUBERT 1286- MERLO | H15: P | J15: P | K15: SAN | L15: SAN | M15: SAN | N15: SAN | O15: SAN | P15: P | R15: P | T15: P | V15: P | X15: P | Y15: P | Z15: FA | AA15: PASA A SECCION LUGANO GRUPO 2
A16: Oficial | B16: Portillo, Sergio Daniel | C16: 89190 | D16: 11-7020-9186 | E16: OF. DE LINEA | F16: Luis Viale 1286 Isidro Casanova | G16: P | AG16: p | AH16: P | AJ16: P
A17: Oficial | B17: Casas, Agustin Andres | C17: 89321 | D17: 11-2467-9780 | E17: OFI. DE LINEA | F17: HERNANDARIAS 3136 - Los Polvorines - PBA | H17: P | J17: P | L17: P | P17: LLT | R17: P | T17: P | V17: P | Y17: P | Z17: LLT | AB17: P
A18: AYUDANTES DE GUARDIA | AN18: Observaciones | AO18: LLT | AP18: LM | AQ18: FAC | AR18: LXE | AS18: LA
A19: Nivel G | B19: Ribeiro, Cecilia | C19: 32874 | D19: 11-3932-8150 | E19: SISEP | F19: Malabia 2231 - CABA | H19: LLT | J19: LLT | L19: P | P19: P | R19: P | T19: LA | U19: LA | V19: LA | W19: LA | X19: LA | Y19: LA | Z19: LA | AA19: LA | AB19: LA | AC19: LA | AD19: LA | AE19: LA | AF19: LA | AG19: LA | AH19: FA | AJ19: FA | AN19: =IFS(AO19>3,"NO CORRESPONDE FRANCO",AT19>0,"NO CORRESPONDE FRANCO",AT19=0,"") -> NO CORRESPONDE FRANCO | AO19: =COUNTIF($G19:$AK19,"LLT") -> 2 | AP19: =COUNTIF($G19:$AK19,"LM") -> 0 | AQ19: =COUNTIF($G19:$AK19,"FaC") -> 0 | AR19: =COUNTIF($G19:$AK19,"LxE") -> 0 | AS19: =COUNTIF($G19:$AK19,"LA") -> 14 | AT19: =SUM(AP19:AS19) -> 14
A20: Nivel G | B20: Rivera, Karen | C20: 34471 | D20: 11-3756-0313 / POC 11-3644-8070 | E20: SISEP | F20: BRAGADO 4863- DPTO 1- CABA | H20: P | J20: P | L20: P | P20: FA | R20: LLT | T20: P | V20: P | X20: P | Z20: P | AD20: P | AF20: P | AH20: P | AJ20: P | AN20: =IFS(AO20>3,"NO CORRESPONDE FRANCO",AT20>0,"NO CORRESPONDE FRANCO",AT20=0,"") | AO20: =COUNTIF($G20:$AK20,"LLT") -> 1 | AP20: =COUNTIF($G20:$AK20,"LM") -> 0 | AQ20: =COUNTIF($G20:$AK20,"FaC") -> 0 | AR20: =COUNTIF($G20:$AK20,"LxE") -> 0 | AS20: =COUNTIF($G20:$AK20,"LA") -> 0 | AT20: =SUM(AP20:AS20) -> 0
A21: Nivel I | B21: Garcia Nadia | C21: 70453 | D21: 11-6703-4212 | E21: ADM | F21: Reconquista 2741 - Merlo | H21: LLT | J21: P | L21: P | P21: P | R21: LLT | T21: P | V21: FA | X21: P | Z21: P | AD21: PASA AL GRUPO 2 | AN21: =IFS(AO21>3,"NO CORRESPONDE FRANCO",AT21>0,"NO CORRESPONDE FRANCO",AT21=0,"") | AO21: =COUNTIF($G21:$AK21,"LLT") -> 2 | AP21: =COUNTIF($G21:$AK21,"LM") -> 0 | AQ21: =COUNTIF($G21:$AK21,"FaC") -> 0 | AR21: =COUNTIF($G21:$AK21,"LxE") -> 0 | AS21: =COUNTIF($G21:$AK21,"LA") -> 0 | AT21: =SUM(AP21:AS21) -> 0
A22: Nivel J | B22: Barros Sergio Javier | C22: 13809 | D22: 11-4057-0789 | E22: ADM | F22: LUIS VIALE 269 CABA | H22: FA | J22: LLT | L22: P | P22: P | R22: P | T22: P | V22: LLT | X22: P | Z22: P | AB22: P | AD22: CG | AF22: P | AH22: P | AJ22: P | AN22: =IFS(AO22>3,"NO CORRESPONDE FRANCO",AT22>0,"NO CORRESPONDE FRANCO",AT22=0,"") | AO22: =COUNTIF($G22:$AK22,"LLT") -> 2 | AP22: =COUNTIF($G22:$AK22,"LM") -> 0 | AQ22: =COUNTIF($G22:$AK22,"FaC") -> 0 | AR22: =COUNTIF($G22:$AK22,"LxE") -> 0 | AS22: =COUNTIF($G22:$AK22,"LA") -> 0 | AT22: =SUM(AP22:AS22) -> 0
A23: Contratado | B23: Albrecht, Joel | C23: 41803371 | D23: 11-6501-2385 | E23: SISEP | F23: Castelli 1609, San Martín | H23: P | J23: P | L23: P | P23: P | R23: P | T23: P | V23: P | X23: P | Z23: FA | AD23: P | AF23: P | AH23: P | AJ23: P | AN23: =IFS(AO23>3,"NO CORRESPONDE FRANCO",AT23>0,"NO CORRESPONDE FRANCO",AT23=0,"") | AO23: =COUNTIF($G23:$AK23,"LLT") -> 0 | AP23: =COUNTIF($G23:$AK23,"LM") -> 0 | AQ23: =COUNTIF($G23:$AK23,"FaC") -> 0 | AR23: =COUNTIF($G23:$AK23,"LxE") -> 0 | AS23: =COUNTIF($G23:$AK23,"LA") -> 0 | AT23: =SUM(AP23:AS23) -> 0
A24: Contratado | B24: Vignolles, Macarena | C24: 45623522 | D24: 11-3623-9248 | E24: SAE | F24: Felipe Lavallol 2156- Grand Bourge | G24: LA | H24: LA | J24: P | L24: LM | P24: P | R24: P | T24: P | V24: LLT | X24: P | Z24: P | AD24: P | AF24: P | AH24: P | AJ24: LLT | AN24: =IFS(AO24>3,"NO CORRESPONDE FRANCO",AT24>0,"NO CORRESPONDE FRANCO",AT24=0,"") -> NO CORRESPONDE FRANCO | AO24: =COUNTIF($G24:$AK24,"LLT") -> 2 | AP24: =COUNTIF($G24:$AK24,"LM") -> 1 | AQ24: =COUNTIF($G24:$AK24,"FaC") -> 0 | AR24: =COUNTIF($G24:$AK24,"LxE") -> 0 | AS24: =COUNTIF($G24:$AK24,"LA") -> 2 | AT24: =SUM(AP24:AS24) -> 3
A25: Contratado | B25: Leivas, Ludmila | C25: 40006637 | D25: 11-6489-9807 | E25: ADM | F25: Andres Ferreira 4262 Dpto B - Caseros | H25: LLT | J25: LLT | L25: P | P25: P | R25: P | T25: LLT | V25: LLT | X25: P | Z25: P | AD25: P | AF25: P | AH25: P | AJ25: FA | AN25: =IFS(AO25>3,"NO CORRESPONDE FRANCO",AT25>0,"NO CORRESPONDE FRANCO",AT25=0,"") -> NO CORRESPONDE FRANCO | AO25: =COUNTIF($G25:$AK25,"LLT") -> 4 | AP25: =COUNTIF($G25:$AK25,"LM") -> 0 | AQ25: =COUNTIF($G25:$AK25,"FaC") -> 0 | AR25: =COUNTIF($G25:$AK25,"LxE") -> 0 | AS25: =COUNTIF($G25:$AK25,"LA") -> 0 | AT25: =SUM(AP25:AS25) -> 0
A26: Contratado | B26: Paz, Priscila | C26: 35979500 | D26: 11-3490-2633 | E26: ADM | F26: Dr. Belaustegui 4708 - Velez Sarsfield CABA | H26: FA | J26: P | L26: P | P26: P | R26: P | T26: P | V26: FA | X26: P | Y26: PASA AL DEPARTAMENTO.- | AN26: =IFS(AO26>3,"NO CORRESPONDE FRANCO",AT26>0,"NO CORRESPONDE FRANCO",AT26=0,"") | AO26: =COUNTIF($G26:$AK26,"LLT") -> 0 | AP26: =COUNTIF($G26:$AK26,"LM") -> 0 | AQ26: =COUNTIF($G26:$AK26,"FaC") -> 0 | AR26: =COUNTIF($G26:$AK26,"LxE") -> 0 | AS26: =COUNTIF($G26:$AK26,"LA") -> 0 | AT26: =SUM(AP26:AS26) -> 0
A27: Contratado | B27: Krakovsky, Florencia Abril | C27: 41290026 | D27: 11-6828-8168 | E27: SAE | F27: Venezuela y Posadas Sector J duplex 7 - Ezpeleta | H27: P | J27: P | L27: P | P27: P | R27: P | T27: P | V27: P | X27: FA | Z27: P | AD27: P | AF27: P | AH27: P | AJ27: P | AN27: =IFS(AO27>3,"NO CORRESPONDE FRANCO",AT27>0,"NO CORRESPONDE FRANCO",AT27=0,"") | AO27: =COUNTIF($G27:$AK27,"LLT") -> 0 | AP27: =COUNTIF($G27:$AK27,"LM") -> 0 | AQ27: =COUNTIF($G27:$AK27,"FaC") -> 0 | AR27: =COUNTIF($G27:$AK27,"LxE") -> 0 | AS27: =COUNTIF($G27:$AK27,"LA") -> 0 | AT27: =SUM(AP27:AS27) -> 0
A28: Contratado | B28: Becerra, Abigail Ayelen | C28: 40240445 | D28: 11-6545-7404 | E28: AYTE. JS | F28: Italia 339, Barrio Canguro, San Martin | G28: LA | H28: LA | I28: LA | J28: LA | K28: LA | L28: LA | P28: P | R28: P | T28: P | V28: LLT | X28: P | Z28: P | AD28: P | AF28: P | AH28: P | AJ28: P | AN28: =IFS(AO28>3,"NO CORRESPONDE FRANCO",AT28>0,"NO CORRESPONDE FRANCO",AT28=0,"") -> NO CORRESPONDE FRANCO | AO28: =COUNTIF($G28:$AK28,"LLT") -> 1 | AP28: =COUNTIF($G28:$AK28,"LM") -> 0 | AQ28: =COUNTIF($G28:$AK28,"FaC") -> 0 | AR28: =COUNTIF($G28:$AK28,"LxE") -> 0 | AS28: =COUNTIF($G28:$AK28,"LA") -> 6 | AT28: =SUM(AP28:AS28) -> 6
A29: Contratado | B29: Verdura Elias | C29: 46749945 | D29: 11-5326-4477 | E29: SAE | F29: Jose Maria Moreno 3240 Lanus | H29: P | J29: P | L29: CG | P29: P | Q29: P | R29: P | T29: P | V29: P | X29: p | Y29: P | Z29: FA | AD29: LA | AE29: LA | AF29: LA | AG29: LA | AH29: LA | AI29: LA | AJ29: LA | AN29: =IFS(AO29>3,"NO CORRESPONDE FRANCO",AT29>0,"NO CORRESPONDE FRANCO",AT29=0,"") -> NO CORRESPONDE FRANCO | AO29: =COUNTIF($G29:$AK29,"LLT") -> 0 | AP29: =COUNTIF($G29:$AK29,"LM") -> 0 | AQ29: =COUNTIF($G29:$AK29,"FaC") -> 0 | AR29: =COUNTIF($G29:$AK29,"LxE") -> 0 | AS29: =COUNTIF($G29:$AK29,"LA") -> 7 | AT29: =SUM(AP29:AS29) -> 7
A30: Contratado | B30: Rojas Nicole | C30: 42661512 | D30: 11-3508-6789 | E30: HECHOS ESPECÍFICOS | F30: Av. Perito Moreno 1631 N°255 | H30: LLT | J30: LLT | L30: P | P30: P | R30: P | T30: P | V30: FA | X30: P | Z30: LLT | AD30: LTT | AF30: P | AH30: P | AJ30: P | AN30: =IFS(AO30>3,"NO CORRESPONDE FRANCO",AT30>0,"NO CORRESPONDE FRANCO",AT30=0,"") | AO30: =COUNTIF($G30:$AK30,"LLT") -> 2 | AP30: =COUNTIF($G30:$AK30,"LM") -> 0 | AQ30: =COUNTIF($G30:$AK30,"FaC") -> 0 | AR30: =COUNTIF($G30:$AK30,"LxE") -> 0 | AS30: =COUNTIF($G30:$AK30,"LA") -> 0 | AT30: =SUM(AP30:AS30) -> 0
A31: Contratado | B31: Rivera, Daniela Alejandra | C31: 43318554 | D31: 11-7081-6674 | E31: SAE | F31: Brasil 3771 - San Justo | H31: P | J31: P | L31: P | P31: LA | Q31: LA | R31: LA | S31: LA | T31: LA | U31: LA | V31: LA | X31: P | Z31: FA | AD31: P | AF31: P | AH31: P | AJ31: P | AN31: =IFS(AO31>3,"NO CORRESPONDE FRANCO",AT31>0,"NO CORRESPONDE FRANCO",AT31=0,"") -> NO CORRESPONDE FRANCO | AO31: =COUNTIF($G31:$AK31,"LLT") -> 0 | AP31: =COUNTIF($G31:$AK31,"LM") -> 0 | AQ31: =COUNTIF($G31:$AK31,"FaC") -> 0 | AR31: =COUNTIF($G31:$AK31,"LxE") -> 0 | AS31: =COUNTIF($G31:$AK31,"LA") -> 7 | AT31: =SUM(AP31:AS31) -> 7
A32: Contratado | B32: Veltri, Paula Andrea | C32: 31821827 | D32: 11-6153-3734 | E32: SISEP | F32: Neuquen 2035 2E- Flores | H32: P | J32: LLT | L32: P | P32: P | R32: LLT | T32: LLT | V32: LLT | X32: LA | Y32: LA | Z32: LA | AA32: LA | AB32: LA | AC32: LA | AD32: LA | AF32: FA | AH32: FA | AJ32: LLT | AN32: =IFS(AO32>3,"NO CORRESPONDE FRANCO",AT32>0,"NO CORRESPONDE FRANCO",AT32=0,"") -> NO CORRESPONDE FRANCO | AO32: =COUNTIF($G32:$AK32,"LLT") -> 5 | AP32: =COUNTIF($G32:$AK32,"LM") -> 0 | AQ32: =COUNTIF($G32:$AK32,"FaC") -> 0 | AR32: =COUNTIF($G32:$AK32,"LxE") -> 0 | AS32: =COUNTIF($G32:$AK32,"LA") -> 7 | AT32: =SUM(AP32:AS32) -> 7
A33: Contratado | B33: Gomez, Ramiro Jesus | C33: 44544722 | D33: 11-3606-5080 | E33: SAE | F33: CALLE 844 NUMERO 1600 - QUILMES | H33: P | J33: LLT | L33: LLT | P33: LLT | R33: P | T33: FA | V33: LM | W33: LM | X33: P | Z33: P | AD33: LTT | AF33: P | AH33: LM | AI33: LM | AJ33: LM | AN33: =IFS(AO33>3,"NO CORRESPONDE FRANCO",AT33>0,"NO CORRESPONDE FRANCO",AT33=0,"") -> NO CORRESPONDE FRANCO | AO33: =COUNTIF($G33:$AK33,"LLT") -> 3 | AP33: =COUNTIF($G33:$AK33,"LM") -> 5 | AQ33: =COUNTIF($G33:$AK33,"FaC") -> 0 | AR33: =COUNTIF($G33:$AK33,"LxE") -> 0 | AS33: =COUNTIF($G33:$AK33,"LA") -> 0 | AT33: =SUM(AP33:AS33) -> 5
A34: Contratado | B34: Gonzalez, Rocio Macarena | C34: 43319446 | D34: 11-3494-5868 | E34: HECHOS ESPECÍFICOS | F34: Juan B. Justo 3720 - CABA | H34: LLT | J34: P | L34: P | P34: P | R34: P | T34: P | V34: LLT | X34: P | Z34: P | AD34: LM | AF34: P | AH34: P | AJ34: FA | AN34: =IFS(AO34>3,"NO CORRESPONDE FRANCO",AT34>0,"NO CORRESPONDE FRANCO",AT34=0,"") -> NO CORRESPONDE FRANCO | AO34: =COUNTIF($G34:$AK34,"LLT") -> 2 | AP34: =COUNTIF($G34:$AK34,"LM") -> 1 | AQ34: =COUNTIF($G34:$AK34,"FaC") -> 0 | AR34: =COUNTIF($G34:$AK34,"LxE") -> 0 | AS34: =COUNTIF($G34:$AK34,"LA") -> 0 | AT34: =SUM(AP34:AS34) -> 1
A35: Contratado | B35: Gonzalez, Carolina Alejandra | C35: 37214657 | D35: 11-2525-0946 | E35: HECHOS ESPECÍFICOS | F35: Juan B. Justo 3720 - CABA | H35: LLT | J35: P | L35: P | P35: P | R35: P | T35: P | V35: LLT | X35: P | Z35: P | AD35: P | AF35: P | AH35: P | AJ35: LM | AN35: =IFS(AO35>3,"NO CORRESPONDE FRANCO",AT35>0,"NO CORRESPONDE FRANCO",AT35=0,"") -> NO CORRESPONDE FRANCO | AO35: =COUNTIF($G35:$AK35,"LLT") -> 2 | AP35: =COUNTIF($G35:$AK35,"LM") -> 1 | AQ35: =COUNTIF($G35:$AK35,"FaC") -> 0 | AR35: =COUNTIF($G35:$AK35,"LxE") -> 0 | AS35: =COUNTIF($G35:$AK35,"LA") -> 0 | AT35: =SUM(AP35:AS35) -> 1
A36: Contratado | B36: Torres, Paola Herminia | C36: 29157382 | D36: 11-5345-7109 | E36: HECHOS ESPECÍFICOS | F36: Tandil 4380 CASA - Parque Avellaneda | H36: FA | J36: LLT | L36: P | P36: P | R36: P | T36: LLT | V36: FA | X36: P | Z36: P | AD36: P | AF36: P | AH36: P | AJ36: P | AN36: =IFS(AO36>3,"NO CORRESPONDE FRANCO",AT36>0,"NO CORRESPONDE FRANCO",AT36=0,"") | AO36: =COUNTIF($G36:$AK36,"LLT") -> 2 | AP36: =COUNTIF($G36:$AK36,"LM") -> 0 | AQ36: =COUNTIF($G36:$AK36,"FaC") -> 0 | AR36: =COUNTIF($G36:$AK36,"LxE") -> 0 | AS36: =COUNTIF($G36:$AK36,"LA") -> 0 | AT36: =SUM(AP36:AS36) -> 0
A37: Contratado | B37: Uzcategui Floranyely | C37: 96200093 | D37: 11-4400-1306 | E37: SAE | F37: Bartolomé Mitre 3793- Almagro | H37: P | J37: P | L37: P | P37: P | R37: P | T37: P | V37: P | X37: P | Z37: P | AD37: P | AF37: P | AH37: P | AJ37: LM | AN37: =IFS(AO37>3,"NO CORRESPONDE FRANCO",AT37>0,"NO CORRESPONDE FRANCO",AT37=0,"") -> NO CORRESPONDE FRANCO | AO37: =COUNTIF($G37:$AK37,"LLT") -> 0 | AP37: =COUNTIF($G37:$AK37,"LM") -> 1 | AQ37: =COUNTIF($G37:$AK37,"FaC") -> 0 | AR37: =COUNTIF($G37:$AK37,"LxE") -> 0 | AS37: =COUNTIF($G37:$AK37,"LA") -> 0 | AT37: =SUM(AP37:AS37) -> 1
A38: Contratado | B38: Fernández, Ruth | C38: 34514275 | D38: 11 2274-2849 | E38: GRUPO ESPECIFICO DE INTERVENCION RAPIDA | F38: Villegas 353 - El Palomar | R38: P | T38: P | V38: FA | X38: P | Z38: P | AD38: P | AF38: P | AH38: P | AJ38: P | AN38: =IFS(AO38>3,"NO CORRESPONDE FRANCO",AT38>0,"NO CORRESPONDE FRANCO",AT38=0,"")
A39: Contratado | B39: Perez, Agustina | C39: 46936229 | D39: 11-2842-2895 | E39: ADM | F39: Calle 893 entre 801 y 802 N° 1137- Quilmes | AF39: P | AG39: P | AH39: P | AJ39: P | AN39: =IFS(AO39>3,"NO CORRESPONDE FRANCO",AT39>0,"NO CORRESPONDE FRANCO",AT39=0,"")
A40: CMU PUERTO MADERO
A41: Oficial | B41: Gauna, Micaela Jaquelina | C41: 57245 | D41: 11-3676-2409 | E41: OF DE LINEA | F41: Oribe 702 - Ituzaingó | G41: LM | H41: LM | I41: LM | J41: LM | K41: LM | L41: LM | M41: LM | N41: LM | O41: LM | P41: LM | Q41: LM | R41: LM | S41: LM | T41: LM | U41: LM | V41: LM | W41: LM | X41: LM | Y41: LM | Z41: LM | AA41: LM | AB41: LM | AC41: LM | AD41: LM | AE41: LM | AF41: LM | AG41: LM | AH41: LM | AI41: LM | AJ41: LM | AK41: LM | AL41: LM
A42: Oficial | B42: Cabrera, Alan | C42: 29273 | D42: 11-3127-8029 | E42: OF DE LINEA | F42: TUYUTI 3859 - LOMAS DE ZAMORA | H42: P | J42: P | L42: P | P42: P | R42: P | T42: P | V42: P | X42: P | Z42: P | AD42: P | AF42: P | AH42: P | AJ42: P | AN42: =IFS(AO42>3,"NO CORRESPONDE FRANCO",AT42>0,"NO CORRESPONDE FRANCO",AT42=0,"")
A43: Contratado | B43: Fernandez Selene Abril | C43: 41823505 | D43: 11 4194-8935 | E43: SAE | F43: Chilavert 6800- V lugano | H43: FA | J43: LLT | L43: LLT | P43: P | R43: LLT | T43: LLT | V43: P | X43: LLT | Z43: P | AD43: LLT | AF43: LLT | AH43: P | AJ43: P | AN43: =IFS(AO43>3,"NO CORRESPONDE FRANCO",AT43>0,"NO CORRESPONDE FRANCO",AT43=0,"") -> NO CORRESPONDE FRANCO | AO43: =COUNTIF($G43:$AK43,"LLT") -> 7 | AP43: =COUNTIF($G43:$AK43,"LM") -> 0 | AQ43: =COUNTIF($G43:$AK43,"FaC") -> 0 | AR43: =COUNTIF($G43:$AK43,"LxE") -> 0 | AS43: =COUNTIF($G43:$AK43,"LA") -> 0 | AT43: =SUM(AP43:AS43) -> 0
A44: CMU LUGANO | AN44: =IFS(AO44>3,"NO CORRESPONDE FRANCO",AT44>0,"NO CORRESPONDE FRANCO",AT44=0,"")
A45: Inspector | B45: Martínez, Verónica | C45: 1161 | D45: 11-2469-7353 / 11-5572-0956 | E45: OF VL | F45: Timoteo Gordillo 5540 P3 Dto A - CABA | I45: P | K45: P | M45: P | P45: P | R45: P | T45: P | W45: P | Y45: P | AA45: P | AD45: P | AF45: FA | AG45: P | AH45: CG | AK45: P | AN45: =IFS(AO45>3,"NO CORRESPONDE FRANCO",AT45>0,"NO CORRESPONDE FRANCO",AT45=0,"") | AO45: =COUNTIF($G45:$AK45,"LLT") -> 0 | AP45: =COUNTIF($G45:$AK45,"LM") -> 0 | AQ45: =COUNTIF($G45:$AK45,"FaC") -> 0 | AR45: =COUNTIF($G45:$AK45,"LxE") -> 0 | AS45: =COUNTIF($G45:$AK45,"LA") -> 0 | AT45: =SUM(AP45:AS45) -> 0
A46: Contratado | B46: Correa, Diana María | C46: 31559785 | D46: 11-3502-5817 | E46: ADM/SAE | F46: Cafayate 5000 - CABA | H46: P | J46: P | L46: P | P46: FA | R46: P | T46: P | V46: P | X46: P | Z46: P | AD46: FA | AF46: P | AH46: P | AJ46: P | AN46: =IFS(AO46>3,"NO CORRESPONDE FRANCO",AT46>0,"NO CORRESPONDE FRANCO",AT46=0,"") | AO46: =COUNTIF($G46:$AK46,"LLT") -> 0 | AP46: =COUNTIF($G46:$AK46,"LM") -> 0 | AQ46: =COUNTIF($G46:$AK46,"FaC") -> 0 | AR46: =COUNTIF($G46:$AK46,"LxE") -> 0 | AS46: =COUNTIF($G46:$AK46,"LA") -> 0 | AT46: =SUM(AP46:AS46) -> 0
A47: ANILLO DIGITAL NORTE | AN47: =IFS(AO47>3,"NO CORRESPONDE FRANCO",AT47>0,"NO CORRESPONDE FRANCO",AT47=0,"")
A48: Contratado | B48: Gutierrez, Facundo | C48: 45417600 | D48: 11-2526-1216 | E48: ANILLO DIGITAL | F48: Blanco Encalada 2952- TORTUGUITAS (Malvinas Argentinas) | H48: LLT | J48: P | L48: LLT | P48: P | R48: P | T48: P | V48: LLT | X48: P | AD48: LLT | AF48: P | AH48: P | AJ48: P | AN48: =IFS(AO48>3,"NO CORRESPONDE FRANCO",AT48>0,"NO CORRESPONDE FRANCO",AT48=0,"") -> NO CORRESPONDE FRANCO | AO48: =COUNTIF($G48:$AK48,"LLT") -> 4 | AP48: =COUNTIF($G48:$AK48,"LM") -> 0 | AQ48: =COUNTIF($G48:$AK48,"FaC") -> 0 | AR48: =COUNTIF($G48:$AK48,"LxE") -> 0 | AS48: =COUNTIF($G48:$AK48,"LA") -> 0 | AT48: =SUM(AP48:AS48) -> 0
A49: LUN A VIER DE 06 A 14HS / NO FERIADOS | G49: 1 | H49: 2 | I49: 3 | J49: 4 | K49: 5 | L49: 6 | M49: 7 | N49: 8 | O49: 9 | P49: 10 | Q49: 11 | R49: 12 | S49: 13 | T49: 14 | U49: 15 | V49: 16 | W49: 17 | X49: 18 | Y49: 19 | Z49: 20 | AA49: 21 | AB49: 22 | AC49: 23 | AD49: 24 | AE49: 25 | AF49: 26 | AG49: 27 | AH49: 28 | AI49: 29 | AJ49: 30 | AK49: 31
A50: JERARQUIA | B50: NOMBRE Y APELLIDO | C50: LP/DNI | D50: CELULAR | E50: FUNCION | F50: DOMICILIO | G50: S | H50: D | I50: L | J50: M | K50: M | L50: J | M50: V | N50: S | O50: D | P50: L | Q50: M | R50: M | S50: J | T50: V | U50: S | V50: D | W50: L | X50: M | Y50: M | Z50: J | AA50: V | AB50: S | AC50: D | AD50: L | AE50: M | AF50: M | AG50: J | AH50: V | AI50: S | AJ50: D | AK50: L
A51: Oficial | B51: Bustamante, Lis | C51: 37722 | D51: 11-3430-1697 | E51: OF DE LINEA / CHOFER | F51: Trelles 1559 PB B - CABA | I51: P | J51: P | K51: P | L51: P | M51: FA | P51: LLT | Q51: P | R51: P | S51: FXD | T51: P | X51: P | Z51: LLT | AA51: P | AD51: LLT | AE51: p | AF51: P | AG51: P | AH51: P | AK51: P
A52: Of. Mayor | B52: Tolaba, Adrian | C52: 6850 | D52: 1127544762 | E52: OF DE LINEA | F52: MIrave 3020 | AK52: P
A54: PRESENTISMO GRUPO 2 TURNO MAÑANA - PERSONAL DE 06:00 a 18:00 HORAS - 12x36 (P. Policial Grupo II)
A55: G2 TM- 06a18HS | G55: 1 | H55: 2 | I55: 3 | J55: 4 | K55: 5 | L55: 6 | M55: 7 | N55: 8 | O55: 9 | P55: 10 | Q55: 11 | R55: 12 | S55: 13 | T55: 14 | U55: 15 | V55: 16 | W55: 17 | X55: 18 | Y55: 19 | Z55: 20 | AA55: 21 | AB55: 22 | AC55: 23 | AD55: 24 | AE55: 25 | AF55: 26 | AG55: 27 | AH55: 28 | AI55: 29 | AJ55: 30 | AK55: 31
A56: JERARQUIA | B56: NOMBRE Y APELLIDO | C56: LP/DNI | D56: CELULAR | E56: FUNCION | F56: DOMICILIO | G56: S | H56: D | I56: L | J56: M | K56: M | L56: J | M56: V | N56: S | O56: D | P56: L | Q56: M | R56: M | S56: J | T56: V | U56: S | V56: D | W56: L | X56: M | Y56: M | Z56: J | AA56: V | AB56: S | AC56: D | AD56: L | AE56: M | AF56: M | AG56: J | AH56: V | AI56: S | AJ56: D | AK56: L
A57: JEFE DE SERVICIO
A58: Inspector | B58: Cisneros, Pablo | C58: 4603 | D58: 11-4399-1308 | E58: JEFE DE SERIVICIO | F58: Algarrobo 3923 - Villa Luzuriaga (La Matanza) | I58: P | K58: P | M58: P | O58: P | Q58: P | S58: P | W58: P | Y58: P | AA58: P | AC58: P | AE58: p | AG58: P | AK58: P
A59: OFICIALES DE LINEA
A60: Inspector | B60: Lahitte Hector | C60: 3740 | D60: 11-6754-1369 | E60: OF DE LINEA | F60: Artigas Jose Gervasio 1956 - PB4 - CABA | I60: P | K60: P | M60: Afectado a servicio Sistema SAE Seccion Madero | AC60: FA | AD60: P | AE60: P | AF60: P | AG60: LA | AH60: LA | AI60: LA | AJ60: LA | AK60: LA | AL60: 46274
A61: Inspector | B61: Cisneros, Hector Gabriel. | C61: 2597 | D61: 11-3497-2231 | E61: OF DE LINEA | F61: Coronel Adrogué 481 - Villa Domínico | I61: P | K61: P | M61: P | O61: P | Q61: P | S61: P | W61: P | Y61: P | AA61: p | AC61: P | AE61: p | AG61: P | AK61: P
A62: Inspector | B62: Leiva Jorge Manuel | C62: 71395 | D62: 11-7362-0989 | E62: OF PM | F62: ESQUEL 1399- EZPELETA | O62: P | Q62: P | S62: LA | T62: LA | U62: LA | V62: LA | W62: LA | X62: LA | Y62: LA | Z62: LA | AA62: LA | AB62: LA | AC62: LA | AD62: LA | AE62: LA | AF62: LA | AG62: LA | AH62: SAN | AI62: SAN | AK62: P
A63: Inspector | B63: Martinez Ricardo | C63: 3784 | D63: 11-3422-495 | E63: OF DE LINEA | F63: CARLOS CASARES 2800 EDF 313 1°A - SAN FERNANDO | AE63: p | AF63: P | AG63: CG | AI63: p | AK63: P
A64: Of. Mayor | B64: Tolaba, Adrian | C64: 6850 | D64: 1127544762 | E64: OF DE LINEA | F64: MIrave 3020 | I64: P | K64: P | M64: P | O64: P | Q64: P | S64: P | W64: P | Y64: P | AA64: P | AC64: P | AE64: p | AF64: P | AG64: P | AK64: P | AM64: AUSENTE | AN64: A
A65: Of. Mayor | B65: Oropeza, Mauro | C65: 6221 | D65: 11-5637-2293 | E65: OF DE LINEA | F65: Calle 163 N°2852, Berazategui | I65: P | K65: P | M65: P | O65: PASA A SECCION LUGANO | AA65: p | AC65: P | AE65: FA | AG65: P | AK65: P
A66: Oficial | B66: Casas, Agustin Andres | C66: 89321 | D66: 11-2467-9780 | E66: OFI. DE LINEA | F66: HERNANDARIAS 3136 - Los Polvorines - PBA | AG66: P | AK66: P
A67: Oficial | B67: Portillo, Sergio Daniel | C67: 89190 | D67: 11-7020-9186 | E67: OF. DE LINEA | F67: Luis Viale 1286 Isidro Casanova | G67: P | I67: P | K67: P | L67: P | M67: P | O67: P | Q67: P | S67: P | U67: P | Z67: P | AA67: P | AB67: P | AC67: FA
A68: Of. Primero | B68: Andrade Johanna | C68: 707251 | D68: 11-3208-009 / 11-3207-9721 | E68: OF DE LINEA | F68: Juan Manuel Fangio 3065 - Parque Patricios - CABA | I68: P | K68: P | M68: P | O68: FA | R68: P | W68: P | AB68: P | AG68: P
A69: Oficial | B69: Lopez, Maria Soledad | C69: 38811 | D69: 11-3125-4199 | E69: OFICIAL DE LINEA | F69: Arrotea y Lujan S/N - González Catan | G69: LM | H69: LM | I69: LM | J69: LM | K69: LM | L69: LM | M69: LM | N69: LM | O69: LM | P69: LM | Q69: LM | R69: LM | S69: LM | T69: LM | U69: LM | V69: LM | W69: LM | X69: LM | Y69: LM | Z69: LM | AA69: LM | AB69: LM | AC69: LM | AD69: LM | AE69: LM | AF69: LM | AG69: LM | AH69: LM | AI69: LM | AJ69: LM | AK69: LM | AL69: HASTA EL18/09
A70: Oficial | B70: Prodo, Sofía Belén | C70: 59595 | D70: 11-5794-0580 | E70: OF DE LINEA | F70: Carlos De Linneo 1125-Moreno | I70: FA | K70: P | M70: P | O70: P | Q70: LLT | S70: LLT | Y70: P | AA70: P | AC70: P | AG70: P | AK70: P
A71: Of. Mayor | B71: Rodríguez, Cristian | C71: 46641 | D71: 11-5869-7419 | E71: OF DE LINEA | F71: Turner 535 - Tristan Suarez | I71: P | K71: P | M71: P | O71: P | Q71: P | S71: P
A73: AYUDANTES DE GUARDIA
A74: Nivel I | B74: Sebastia, Mariana | C74: 12529 | D74: 11-2678-9937 / POC 11-7856-2604 | E74: ADM | F74: Aviador Udet 2451 Ciudad Jardin | I74: P | K74: P | M74: P | O74: P | Q74: P | S74: P | W74: P | Y74: P | AA74: P | AC74: P | AE74: LLT | AG74: P | AK74: FA | AN74: =IFS(AO74>3,"NO CORRESPONDE FRANCO",AT74>0,"NO CORRESPONDE FRANCO",AT74=0,"") | AO74: =COUNTIF($G74:$AK74,"LLT") -> 1 | AP74: =COUNTIF($G74:$AK74,"LM") -> 0 | AQ74: =COUNTIF($G74:$AK74,"FaC") -> 0 | AR74: =COUNTIF($G74:$AK74,"LxE") -> 0 | AS74: =COUNTIF($G74:$AK74,"LA") -> 0 | AT74: =SUM(AP74:AS74) -> 0
A75: Nivel I | B75: Garcia Nadia | C75: 70453 | D75: 11-6703-4212 | E75: ADM | F75: Reconquista 2741 - Merlo | H75: LLT | J75: P | L75: P | P75: P | R75: LLT | T75: P | V75: FA | X75: P | Z75: P | AE75: P | AG75: P | AK75: P | AN75: =IFS(AO75>3,"NO CORRESPONDE FRANCO",AT75>0,"NO CORRESPONDE FRANCO",AT75=0,"") | AO75: =COUNTIF($G75:$AK75,"LLT") -> 2 | AP75: =COUNTIF($G75:$AK75,"LM") -> 0 | AQ75: =COUNTIF($G75:$AK75,"FaC") -> 0 | AR75: =COUNTIF($G75:$AK75,"LxE") -> 0 | AS75: =COUNTIF($G75:$AK75,"LA") -> 0 | AT75: =SUM(AP75:AS75) -> 0
A76: Nivel J | B76: Quiroga, Adriana Celina | C76: 17213 | D76: 11-5667-8850 | E76: ADM | F76: Cuenca 3345 - Villa del Parque | I76: P | K76: P | M76: P | O76: P | Q76: P | S76: P | W76: FA | Y76: P | AA76: P | AC76: P | AE76: P | AG76: P | AK76: P | AN76: =IFS(AO76>3,"NO CORRESPONDE FRANCO",AT76>0,"NO CORRESPONDE FRANCO",AT76=0,"") | AO76: =COUNTIF($G76:$AK76,"LLT") -> 0 | AP76: =COUNTIF($G76:$AK76,"LM") -> 0 | AQ76: =COUNTIF($G76:$AK76,"FaC") -> 0 | AR76: =COUNTIF($G76:$AK76,"LxE") -> 0 | AS76: =COUNTIF($G76:$AK76,"LA") -> 0 | AT76: =SUM(AP76:AS76) -> 0
A77: Nivel J | B77: Longaretti, Carolina | C77: 13786 | D77: 11-5044-1713 | E77: SAE | F77: LARREA 759 - CABA | I77: LLT | K77: P | M77: P | O77: P | Q77: P | S77: P | W77: P | Y77: P | AA77: P | AC77: P | AE77: P | AG77: LLT | AK77: FA | AN77: =IFS(AO77>3,"NO CORRESPONDE FRANCO",AT77>0,"NO CORRESPONDE FRANCO",AT77=0,"") | AO77: =COUNTIF($G77:$AK77,"LLT") -> 2 | AP77: =COUNTIF($G77:$AK77,"LM") -> 0 | AQ77: =COUNTIF($G77:$AK77,"FaC") -> 0 | AR77: =COUNTIF($G77:$AK77,"LxE") -> 0 | AS77: =COUNTIF($G77:$AK77,"LA") -> 0 | AT77: =SUM(AP77:AS77) -> 0
A78: Contratado | B78: Ávila, Samira | C78: 45990029 | D78: 11-3269-4477 | E78: SAE | F78: Rondeau 1034 - Adolfo Sourdeaux / Malvinas Argentinas | I78: P | K78: P | M78: P | O78: FA | Q78: P | S78: p | W78: P | Y78: LLT | AA78: P | AC78: P | AE78: P | AG78: P | AK78: P | AN78: =IFS(AO78>3,"NO CORRESPONDE FRANCO",AT78>0,"NO CORRESPONDE FRANCO",AT78=0,"") | AO78: =COUNTIF($G78:$AK78,"LLT") -> 1 | AP78: =COUNTIF($G78:$AK78,"LM") -> 0 | AQ78: =COUNTIF($G78:$AK78,"FaC") -> 0 | AR78: =COUNTIF($G78:$AK78,"LxE") -> 0 | AS78: =COUNTIF($G78:$AK78,"LA") -> 0 | AT78: =SUM(AP78:AS78) -> 0
A79: Contratado | B79: Caseres, Nicole Antonella | C79: 43659406 | D79: 11-3799-6075 | E79: SAE | F79: ZEPPELIN 4351 - LA MATANZA | I79: P | K79: P | M79: P | O79: LLT | Q79: LLT | S79: P | W79: P | Y79: LLT | AA79: LLT | AC79: LM | AD79: LM | AE79: LLT | AG79: LLT | AK79: P | AN79: =IFS(AO79>3,"NO CORRESPONDE FRANCO",AT79>0,"NO CORRESPONDE FRANCO",AT79=0,"") -> NO CORRESPONDE FRANCO | AO79: =COUNTIF($G79:$AK79,"LLT") -> 6 | AP79: =COUNTIF($G79:$AK79,"LM") -> 2 | AQ79: =COUNTIF($G79:$AK79,"FaC") -> 0 | AR79: =COUNTIF($G79:$AK79,"LxE") -> 0 | AS79: =COUNTIF($G79:$AK79,"LA") -> 0 | AT79: =SUM(AP79:AS79) -> 2
A80: Contratado | B80: Acevedo, Ludmila Agustina | C80: 44209464 | D80: 11-2588-1218 | E80: SAE | F80: CALDERON DE LA BARCA 696- CABA | I80: P | K80: P | M80: P | O80: P | Q80: LLT | S80: P | W80: P | Y80: LLT | AA80: p | AC80: LLT | AE80: P | AG80: P | AK80: P | AN80: =IFS(AO80>3,"NO CORRESPONDE FRANCO",AT80>0,"NO CORRESPONDE FRANCO",AT80=0,"") | AO80: =COUNTIF($G80:$AK80,"LLT") -> 2 | AP80: =COUNTIF($G80:$AK80,"LM") -> 0 | AQ80: =COUNTIF($G80:$AK80,"FaC") -> 0 | AR80: =COUNTIF($G80:$AK80,"LxE") -> 0 | AS80: =COUNTIF($G80:$AK80,"LA") -> 0 | AT80: =SUM(AP80:AS80) -> 0
A81: Contratado | B81: Fernandez Vidal, Luca Patricio | C81: 45356816 | D81: 11-2389-0746 | E81: SISEP/SAE | F81: Jachal 541 - Gonzalez Catan | I81: P | K81: P | M81: P | O81: P | Q81: P | S81: LLT | W81: P | Y81: P | AA81: P | AC81: FA | AE81: P | AG81: P | AK81: LLT | AN81: =IFS(AO81>3,"NO CORRESPONDE FRANCO",AT81>0,"NO CORRESPONDE FRANCO",AT81=0,"") | AO81: =COUNTIF($G81:$AK81,"LLT") -> 2 | AP81: =COUNTIF($G81:$AK81,"LM") -> 0 | AQ81: =COUNTIF($G81:$AK81,"FaC") -> 0 | AR81: =COUNTIF($G81:$AK81,"LxE") -> 0 | AS81: =COUNTIF($G81:$AK81,"LA") -> 0 | AT81: =SUM(AP81:AS81) -> 0
A82: Contratado | B82: Couso, Maria Victoria | C82: 42942049 | D82: 11-3287-3596 | E82: ADM/SAE | F82: Pedro Leon Gallo 3766 - San Justo | I82: P | K82: P | M82: P | O82: FA | Q82: P | S82: P | W82: P | Y82: P | AA82: P | AC82: FA | AE82: P | AG82: P | AK82: P | AN82: =IFS(AO82>3,"NO CORRESPONDE FRANCO",AT82>0,"NO CORRESPONDE FRANCO",AT82=0,"") | AO82: =COUNTIF($G82:$AK82,"LLT") -> 0 | AP82: =COUNTIF($G82:$AK82,"LM") -> 0 | AQ82: =COUNTIF($G82:$AK82,"FaC") -> 0 | AR82: =COUNTIF($G82:$AK82,"LxE") -> 0 | AS82: =COUNTIF($G82:$AK82,"LA") -> 0 | AT82: =SUM(AP82:AS82) -> 0
A83: Contratado | B83: Micaela Diaz Leis | C83: 43629113 | D83: 11-3567-3921 | E83: SAE | F83: Bartolomé Mitre 1444 - CABA | I83: P | K83: LLT | L83: P | M83: P | O83: LM | Q83: CG | S83: A | W83: LA | X83: LA | Y83: LA | Z83: LA | AA83: LA | AB83: LA | AC83: LA | AE83: P | AG83: P | AK83: P | AN83: =IFS(AO83>3,"NO CORRESPONDE FRANCO",AT83>0,"NO CORRESPONDE FRANCO",AT83=0,"") -> NO CORRESPONDE FRANCO | AO83: =COUNTIF($G83:$AK83,"LLT") -> 1 | AP83: =COUNTIF($G83:$AK83,"LM") -> 1 | AQ83: =COUNTIF($G83:$AK83,"FaC") -> 0 | AR83: =COUNTIF($G83:$AK83,"LxE") -> 0 | AS83: =COUNTIF($G83:$AK83,"LA") -> 7 | AT83: =SUM(AP83:AS83) -> 8
A84: Contratado | B84: Rodriguez, Sofia | C84: 42655553 | D84: 11-6252-1663 | E84: SISEP/SAE | F84: Juan Ramirez de Velasco 5881- Gonzalez Catan | I84: P | K84: P | M84: P | O84: LLT | Q84: LLT | S84: P | W84: FA | Y84: P | AA84: P | AC84: P | AE84: p | AG84: P | AK84: P | AN84: =IFS(AO84>3,"NO CORRESPONDE FRANCO",AT84>0,"NO CORRESPONDE FRANCO",AT84=0,"") | AO84: =COUNTIF($G84:$AK84,"LLT") -> 1 | AP84: =COUNTIF($G84:$AK84,"LM") -> 0 | AQ84: =COUNTIF($G84:$AK84,"FaC") -> 0 | AR84: =COUNTIF($G84:$AK84,"LxE") -> 0 | AS84: =COUNTIF($G84:$AK84,"LA") -> 0 | AT84: =SUM(AP84:AS84) -> 0
A85: Contratado | B85: Ponce, Candela | C85: 45478900 | D85: 11-41668597 | E85: SAE | F85: Oyuela 1500 - Avellaneda - Villa Domenico | I85: LA | J85: LA | K85: LA | L85: LA | M85: LA | N85: LA | O85: LA | Q85: P | S85: P | W85: P | Y85: P | AA85: P | AC85: P | AE85: P | AG85: p | AK85: p | AN85: =IFS(AO85>3,"NO CORRESPONDE FRANCO",AT85>0,"NO CORRESPONDE FRANCO",AT85=0,"") -> NO CORRESPONDE FRANCO | AO85: =COUNTIF($G85:$AK85,"LLT") -> 0 | AP85: =COUNTIF($G85:$AK85,"LM") -> 0 | AQ85: =COUNTIF($G85:$AK85,"FaC") -> 0 | AR85: =COUNTIF($G85:$AK85,"LxE") -> 0 | AS85: =COUNTIF($G85:$AK85,"LA") -> 7 | AT85: =SUM(AP85:AS85) -> 7
A86: Contratado | B86: Dominguez Jamal | C86: 45147543 | D86: 11 5102-2477 | E86: SISEP/SAE | F86: Conde 380 - CABA | I86: FA | K86: P | M86: P | O86: P | Q86: P | S86: P | W86: P | Y86: P | AA86: P | AC86: P | AE86: P | AG86: FA | AK86: P | AN86: =IFS(AO86>3,"NO CORRESPONDE FRANCO",AT86>0,"NO CORRESPONDE FRANCO",AT86=0,"") | AO86: =COUNTIF($G86:$AK86,"LLT") -> 0 | AP86: =COUNTIF($G86:$AK86,"LM") -> 0 | AQ86: =COUNTIF($G86:$AK86,"FaC") -> 0 | AR86: =COUNTIF($G86:$AK86,"LxE") -> 0 | AS86: =COUNTIF($G86:$AK86,"LA") -> 0 | AT86: =SUM(AP86:AS86) -> 0
A87: Contratado | B87: Barone, Candela | C87: 45868439 | D87: 11-4042-0401 | E87: SAE | F87: Paso de la Patria 2074 - Aldo Bonzi | I87: P | K87: P | M87: P | O87: P | Q87: P | S87: P | W87: P | Y87: P | AA87: LA | AB87: LA | AC87: LA | AD87: LA | AE87: LA | AF87: LA | AG87: LA | AK87: FA | AN87: =IFS(AO87>3,"NO CORRESPONDE FRANCO",AT87>0,"NO CORRESPONDE FRANCO",AT87=0,"") -> NO CORRESPONDE FRANCO | AO87: =COUNTIF($G87:$AK87,"LLT") -> 0 | AP87: =COUNTIF($G87:$AK87,"LM") -> 0 | AQ87: =COUNTIF($G87:$AK87,"FaC") -> 0 | AR87: =COUNTIF($G87:$AK87,"LxE") -> 0 | AS87: =COUNTIF($G87:$AK87,"LA") -> 7 | AT87: =SUM(AP87:AS87) -> 7
A88: Contratado | B88: Garoso, Ana Laura | C88: 44425086 | D88: 11-3584-8621 | E88: C03 C05 C06 | F88: Cabildo 1519 - Ciudadela | I88: P | K88: P | M88: P | O88: P | Q88: P | S88: P | W88: FA | Y88: P | AA88: P | AC88: P | AE88: P | AG88: P | AK88: P | AN88: =IFS(AO88>3,"NO CORRESPONDE FRANCO",AT88>0,"NO CORRESPONDE FRANCO",AT88=0,"") | AO88: =COUNTIF($G88:$AK88,"LLT") -> 0 | AP88: =COUNTIF($G88:$AK88,"LM") -> 0 | AQ88: =COUNTIF($G88:$AK88,"FaC") -> 0 | AR88: =COUNTIF($G88:$AK88,"LxE") -> 0 | AS88: =COUNTIF($G88:$AK88,"LA") -> 0 | AT88: =SUM(AP88:AS88) -> 0
A89: Contratado | B89: Ordoñez Bulentini, Valentina | C89: 43779589 | D89: 11-2387-8921 | E89: C03 C05 C07 | F89: Vigo 2636 - Hurlingham | I89: LLT | K89: LLT | M89: P | O89: P | Q89: P | S89: FA | W89: LM | X89: LM | Y89: P | AA89: LLT | AC89: LLT | AE89: LLT | AG89: LLT | AK89: LLT | AN89: =IFS(AO89>3,"NO CORRESPONDE FRANCO",AT89>0,"NO CORRESPONDE FRANCO",AT89=0,"") -> NO CORRESPONDE FRANCO | AO89: =COUNTIF($G89:$AK89,"LLT") -> 7 | AP89: =COUNTIF($G89:$AK89,"LM") -> 2 | AQ89: =COUNTIF($G89:$AK89,"FaC") -> 0 | AR89: =COUNTIF($G89:$AK89,"LxE") -> 0 | AS89: =COUNTIF($G89:$AK89,"LA") -> 0 | AT89: =SUM(AP89:AS89) -> 2
A90: Contratado | B90: Kumichel, Candela | C90: 47646971 | D90: 11-6233-5441 | E90: GAP | F90: Jose Leon Suarez 2535 - Mataderos | I90: P | K90: LLT | M90: P | O90: P | Q90: P | S90: P | W90: P | Y90: P | AA90: P | AC90: P | AE90: P | AG90: P | AK90: P | AN90: =IFS(AO90>3,"NO CORRESPONDE FRANCO",AT90>0,"NO CORRESPONDE FRANCO",AT90=0,"") | AO90: =COUNTIF($G90:$AK90,"LLT") -> 1 | AP90: =COUNTIF($G90:$AK90,"LM") -> 0 | AQ90: =COUNTIF($G90:$AK90,"FaC") -> 0 | AR90: =COUNTIF($G90:$AK90,"LxE") -> 0 | AS90: =COUNTIF($G90:$AK90,"LA") -> 0 | AT90: =SUM(AP90:AS90) -> 0
A91: CMU PUERTO MADERO | AN91: =IFS(AO91>3,"NO CORRESPONDE FRANCO",AT91>0,"NO CORRESPONDE FRANCO",AT91=0,"")
A92: Of. Mayor | B92: Córdoba, Juan Manuel | C92: 4608 | D92: 11-5385-3217 | E92: OF DE LINEA | F92: Alfredo Palacios 3270 - Valentín Alsina | I92: P | K92: P | M92: p | O92: P | Q92: P | S92: P | W92: P | Y92: P | AA92: P | AC92: P | AE92: p | AG92: P | AK92: P | AN92: =IFS(AO92>3,"NO CORRESPONDE FRANCO",AT92>0,"NO CORRESPONDE FRANCO",AT92=0,"")
A93: Contratado | B93: Freytes, Ignacio | C93: 40422367 | D93: 11-3305-7126 | E93: SAE | F93: Diaz Velez 529 - Avellaneda | I93: P | K93: P | M93: p | O93: P | Q93: P | S93: LM | W93: P | Y93: LM | AC93: LM | AE93: P | AG93: P | AK93: P | AN93: =IFS(AO93>3,"NO CORRESPONDE FRANCO",AT93>0,"NO CORRESPONDE FRANCO",AT93=0,"") -> NO CORRESPONDE FRANCO | AO93: =COUNTIF($G93:$AK93,"LLT") -> 0 | AP93: =COUNTIF($G93:$AK93,"LM") -> 3 | AQ93: =COUNTIF($G93:$AK93,"FaC") -> 0 | AR93: =COUNTIF($G93:$AK93,"LxE") -> 0 | AS93: =COUNTIF($G93:$AK93,"LA") -> 0 | AT93: =SUM(AP93:AS93) -> 3
A94: CMU VILLA LUGANO
A95: Inspector | B95: Leiva Jorge Manuel | C95: 71395 | D95: 11-7362-0989 | E95: OF PM | F95: ESQUEL 1399- EZPELETA | H95: P | J95: P | L95: P | N95: OFICIAL DE LÍNEA EN CHACARITA.-
A96: Of. Mayor | B96: Oropeza, Mauro | C96: 6221 | D96: 11-5637-2293 | E96: OF DE LINEA | F96: Calle 163 N°2852, Berazategui | I96: P | K96: P | M96: P | O96: P | Q96: P | S96: P | V96: P | X96: P | Z96: P
A97: Oficial | B97: Guzman, Yesica Mariel | C97: 29049 | D97: 11-3922-7578 | E97: OFICIAL DE LÍNEA | F97: SCHUBERT 1286- MERLO | H97: P | J97: P | K97: SAN | L97: SAN | M97: SAN | N97: SAN | O97: SAN | P97: P | R97: P | T97: P | V97: P | X97: P | Y97: P | Z97: FA | AC97: LM | AD97: LM | AE97: P | AG97: CG | AH97: P | AJ97: P
A98: Contratado | B98: Ojeda, Daiana | C98: 37897431 | D98: 11-6371-4456 | E98: SAE | F98: Cepeda 6656- Gonzalez Catan | I98: P | K98: p | M98: P | O98: P | Q98: P | S98: P | W98: P | Y98: p | AA98: P | AC98: P | AE98: P | AG98: P | AK98: P | AN98: =IFS(AO98>3,"NO CORRESPONDE FRANCO",AT98>0,"NO CORRESPONDE FRANCO",AT98=0,"") | AO98: =COUNTIF($G98:$AK98,"LLT") -> 0 | AP98: =COUNTIF($G98:$AK98,"LM") -> 0 | AQ98: =COUNTIF($G98:$AK98,"FaC") -> 0 | AR98: =COUNTIF($G98:$AK98,"LxE") -> 0 | AS98: =COUNTIF($G98:$AK98,"LA") -> 0 | AT98: =SUM(AP98:AS98) -> 0
A99: ANILLO DIGITAL NORTE
A100: Contratado | B100: Palavecino Damian Emmanuel | C100: 35163372 | D100: 11-5850-2686 | E100: ANILLO DIGITAL | F100: Benitez julio Omar 4272 5C- Villa Lugano | I100: P | K100: P | M100: P | O100: P | Q100: A | S100: LM | T100: LM | U100: LM | V100: LM | W100: LM | X100: LM | Y100: LM | Z100: LM | AA100: P | AC100: P | AE100: p | AG100: LLT | AK100: P | AN100: =IFS(AO100>3,"NO CORRESPONDE FRANCO",AT100>0,"NO CORRESPONDE FRANCO",AT100=0,"") -> NO CORRESPONDE FRANCO | AO100: =COUNTIF($G100:$AK100,"LLT") -> 1 | AP100: =COUNTIF($G100:$AK100,"LM") -> 8 | AQ100: =COUNTIF($G100:$AK100,"FaC") -> 0 | AR100: =COUNTIF($G100:$AK100,"LxE") -> 0 | AS100: =COUNTIF($G100:$AK100,"LA") -> 0 | AT100: =SUM(AP100:AS100) -> 8
A104: PRESENTISMO GRUPO 6 A TURNO MAÑANA - PERSONAL DE 09:00 a 21:00 HORAS - 12x36 (P. Policial Grupo VI)
A105: G6 T.D - 09 a 21 HS | G105: 1 | H105: 2 | I105: 3 | J105: 4 | K105: 5 | L105: 6 | M105: 7 | N105: 8 | O105: 9 | P105: 10 | Q105: 11 | R105: 12 | S105: 13 | T105: 14 | U105: 15 | V105: 16 | W105: 17 | X105: 18 | Y105: 19 | Z105: 20 | AA105: 21 | AB105: 22 | AC105: 23 | AD105: 24 | AE105: 25 | AF105: 26 | AG105: 27 | AH105: 28 | AI105: 29 | AJ105: 30 | AK105: 31
...

Sheet TURNO MAÑANA 06 A 14 HS
A2: GRUPO "A" TM - 06 A 14 HS | F2: 1 | G2: 2 | H2: 3 | I2: 4 | J2: 5 | K2: 6 | L2: 7 | M2: 8 | N2: 9 | O2: 10 | P2: 11 | Q2: 12 | R2: 13 | S2: 14 | T2: 15 | U2: 16 | V2: 17 | W2: 18 | X2: 19 | Y2: 20 | Z2: 21 | AA2: 22 | AB2: 23 | AC2: 24 | AD2: 25 | AE2: 26 | AF2: 27 | AG2: 28 | AH2: 29 | AI2: 30 | AJ2: 31 | AK2: 9
A3: JERARQUIA | B3: NOMBRE Y APELLIDO | C3: LP/DNI | D3: DOMICILIO | E3: CELULAR | F3: S | G3: D | H3: L | I3: M | J3: M | K3: J | L3: V | M3: S | N3: D | O3: L | P3: M | Q3: M | R3: J | S3: V | T3: S | U3: D | V3: L | W3: M | X3: M | Y3: J | Z3: V | AA3: S | AB3: D | AC3: L | AD3: M | AE3: M | AF3: J | AG3: V | AH3: S | AI3: D | AJ3: L | AM3: Observaciones | AN3: LLT | AO3: LM | AP3: FAC | AQ3: LXE | AR3: LA
A4: NIVEL J | B4: Aisimburo, Jazmín | C4: 13782 | D4: MAZA 1009 - CABA | E4: 11-5709-7830 | F4: P | H4: P | L4: P | M4: P | N4: P | O4: P | S4: P | U4: PASA A DIVISION ANALISIS DE IMAGENES | AM4: =IFS(AN4>3,"NO CORRESPONDE FRANCO",AS4>0,"NO CORRESPONDE FRANCO",AS4=0,"") | AN4: =COUNTIF($F4:$AJ4,"LLT") -> 0 | AO4: =COUNTIF($F4:$AJ4,"LM") -> 0 | AP4: =COUNTIF($F4:$AJ4,"FaC") -> 0 | AQ4: =COUNTIF($F4:$AJ4,"LxE") -> 0 | AR4: =COUNTIF($F4:$AJ4,"LA") -> 0 | AS4: =SUM(AO4:AR4) -> 0
A5: Contratado | B5: Benditti, Julieta | C5: 38919576 | D5: LARREA 1105- SAN MIGUEL | E5: 11-3251-4862 | F5: P | G5: P | H5: P | L5: P | M5: P | N5: P | O5: LM | R5: P | S5: P | T5: P | X5: FA | Y5: P | Z5: P | AA5: P | AD5: P | AE5: P | AF5: P | AH5: P | AJ5: CG | AM5: =IFS(AN5>3,"NO CORRESPONDE FRANCO",AS5>0,"NO CORRESPONDE FRANCO",AS5=0,"") -> NO CORRESPONDE FRANCO | AN5: =COUNTIF($F5:$AJ5,"LLT") -> 0 | AO5: =COUNTIF($F5:$AJ5,"LM") -> 1 | AP5: =COUNTIF($F5:$AJ5,"FaC") -> 0 | AQ5: =COUNTIF($F5:$AJ5,"LxE") -> 0 | AR5: =COUNTIF($F5:$AJ5,"LA") -> 0 | AS5: =SUM(AO5:AR5) -> 1
A6: Contratado | B6: Diaz, María Belén | C6: 35166947 | D6: Lope de Vega 3469 6b, CABA | E6: 11-6443-4958 | F6: P | G6: CG | H6: P | L6: P | M6: P | N6: LM | O6: P | R6: P | S6: LLT | T6: P | X6: P | Y6: P | Z6: P | AA6: FA | AD6: P | AE6: P | AF6: P | AH6: P | AJ6: P | AM6: =IFS(AN6>3,"NO CORRESPONDE FRANCO",AS6>0,"NO CORRESPONDE FRANCO",AS6=0,"") -> NO CORRESPONDE FRANCO | AN6: =COUNTIF($F6:$AJ6,"LLT") -> 1 | AO6: =COUNTIF($F6:$AJ6,"LM") -> 1 | AP6: =COUNTIF($F6:$AJ6,"FaC") -> 0 | AQ6: =COUNTIF($F6:$AJ6,"LxE") -> 0 | AR6: =COUNTIF($F6:$AJ6,"LA") -> 0 | AS6: =SUM(AO6:AR6) -> 1
A7: Contratado | B7: Bergara, Andrea Carolina | C7: 92902672 | D7: Pola 1599 - CABA | E7: 11-5416-3984 | F7: LLT | G7: P | H7: P | L7: P | M7: P | N7: P | O7: P | R7: P | S7: P | T7: LLT | U7: P | X7: P | Y7: P | Z7: P | AA7: P | AD7: P | AE7: P | AF7: P | AJ7: CG | AM7: =IFS(AN7>3,"NO CORRESPONDE FRANCO",AS7>0,"NO CORRESPONDE FRANCO",AS7=0,"") | AN7: =COUNTIF($F7:$AJ7,"LLT") -> 2 | AO7: =COUNTIF($F7:$AJ7,"LM") -> 0 | AP7: =COUNTIF($F7:$AJ7,"FaC") -> 0 | AQ7: =COUNTIF($F7:$AJ7,"LxE") -> 0 | AR7: =COUNTIF($F7:$AJ7,"LA") -> 0 | AS7: =SUM(AO7:AR7) -> 0
A8: Contratado | B8: Telvini, Tiago | C8: 45286302 | D8: Ocampo 2280- Hurlingham | E8: 11-5981-7211 | F8: P | G8: P | H8: LLT | L8: P | M8: P | N8: P | O8: LLT | R8: LLT | S8: P | T8: LLT | X8: P | Y8: P | Z8: P | AA8: LM | AD8: P | AE8: LTT | AF8: LLT | AJ8: P | AM8: =IFS(AN8>3,"NO CORRESPONDE FRANCO",AS8>0,"NO CORRESPONDE FRANCO",AS8=0,"") -> NO CORRESPONDE FRANCO | AN8: =COUNTIF($F8:$AJ8,"LLT") -> 5 | AO8: =COUNTIF($F8:$AJ8,"LM") -> 1 | AP8: =COUNTIF($F8:$AJ8,"FaC") -> 0 | AQ8: =COUNTIF($F8:$AJ8,"LxE") -> 0 | AR8: =COUNTIF($F8:$AJ8,"LA") -> 0 | AS8: =SUM(AO8:AR8) -> 1
A9: Contratado | B9: Torrez Hurtado, Nayra | C9: 46438246 | D9: Av. La Plata 1781 - CABA | E9: 11-5703-5949 | L9: P | M9: P | N9: LLT | O9: LLT | R9: P | S9: LLT | T9: LLT | X9: P | Y9: P | Z9: LLT | AD9: P | AE9: LLT | AF9: LLT | AJ9: LLT | AM9: =IFS(AN9>3,"NO CORRESPONDE FRANCO",AS9>0,"NO CORRESPONDE FRANCO",AS9=0,"")
A10: Contratado | B10: Sanabria Melina | C10: 36483668 | D10: Santa Fe N°164 - GUERNICA | E10: 11-3236-4349 | F10: LLT | G10: P | H10: P | L10: LLT | M10: LM | N10: LM | O10: LM | R10: FAC | S10: FAC | T10: FAC | X10: LLT | Y10: LM | Z10: LLT | AA10: LLT | AD10: P | AE10: LLT | AF10: LM | AJ10: LM | AK10: HORARIO REDUCIDO POR LACTANCIA HASTA 21/10/2026 de 10 a 16HS | AM10: =IFS(AN10>3,"NO CORRESPONDE FRANCO",AS10>0,"NO CORRESPONDE FRANCO",AS10=0,"") -> NO CORRESPONDE FRANCO | AN10: =COUNTIF($F10:$AJ10,"LLT") -> 6 | AO10: =COUNTIF($F10:$AJ10,"LM") -> 6 | AP10: =COUNTIF($F10:$AJ10,"FaC") -> 3 | AQ10: =COUNTIF($F10:$AJ10,"LxE") -> 0 | AR10: =COUNTIF($F10:$AJ10,"LA") -> 0 | AS10: =SUM(AO10:AR10) -> 9
A11: Contratado | B11: Revainera Florencia | C11: 34566476 | D11: Calle 158 y 18, Monoblock 14 S/N-Berazategui | E11: 11-57443390 | F11: CG | G11: P | H11: P | J11: P | K11: P | L11: P | M11: P | N11: FA | O11: LA | P11: LA | Q11: LA | R11: LA | S11: LA | T11: LA | U11: LA | X11: P | Y11: P | Z11: P | AA11: LLT | AD11: P | AE11: CG | AF11: P | AG11: LLT | AH11: P | AJ11: CG | AM11: =IFS(AN11>3,"NO CORRESPONDE FRANCO",AS11>0,"NO CORRESPONDE FRANCO",AS11=0,"") -> NO CORRESPONDE FRANCO | AN11: =COUNTIF($F11:$AJ11,"LLT") -> 2 | AO11: =COUNTIF($F11:$AJ11,"LM") -> 0 | AP11: =COUNTIF($F11:$AJ11,"FaC") -> 0 | AQ11: =COUNTIF($F11:$AJ11,"LxE") -> 0 | AR11: =COUNTIF($F11:$AJ11,"LA") -> 7 | AS11: =SUM(AO11:AR11) -> 7
A12: Contratado | B12: Goncalves Ferreira Valentino | C12: 46293557 | D12: Rio Negro 740- El Palomar | E12: 11-36509379 | F12: P | G12: P | H12: P | L12: P | M12: FA | N12: P | O12: P | R12: P | S12: P | T12: P | X12: P | Y12: P | Z12: P | AA12: P | AD12: P | AE12: P | AF12: P | AJ12: P | AM12: =IFS(AN12>3,"NO CORRESPONDE FRANCO",AS12>0,"NO CORRESPONDE FRANCO",AS12=0,"") | AN12: =COUNTIF($F12:$AJ12,"LLT") -> 0 | AO12: =COUNTIF($F12:$AJ12,"LM") -> 0 | AP12: =COUNTIF($F12:$AJ12,"FaC") -> 0 | AQ12: =COUNTIF($F12:$AJ12,"LxE") -> 0 | AR12: =COUNTIF($F12:$AJ12,"LA") -> 0 | AS12: =SUM(AO12:AR12) -> 0
A13: Contratado | B13: Espinola Carolina | C13: 44260361 | D13: Benito Alvarez 541 La Matanza | E13: 11-67453824 | F13: LLT | G13: LLT | H13: LLT | L13: LA | M13: LA | N13: LA | O13: LA | P13: LA | Q13: LA | R13: LA | S13: P | T13: FA | X13: P | Y13: P | Z13: LLT | AA13: LLT | AD13: LLT | AE13: P | AJ13: P | AK13: DIAS DE SEMANA SE RETIRA 13:40HS | AM13: =IFS(AN13>3,"NO CORRESPONDE FRANCO",AS13>0,"NO CORRESPONDE FRANCO",AS13=0,"") -> NO CORRESPONDE FRANCO | AN13: =COUNTIF($F13:$AJ13,"LLT") -> 6 | AO13: =COUNTIF($F13:$AJ13,"LM") -> 0 | AP13: =COUNTIF($F13:$AJ13,"FaC") -> 0 | AQ13: =COUNTIF($F13:$AJ13,"LxE") -> 0 | AR13: =COUNTIF($F13:$AJ13,"LA") -> 7 | AS13: =SUM(AO13:AR13) -> 7
A14: Contratado | B14: Santellan, Jonathan Sebastian | C14: 27928430 | D14: Yerbal 6142 - CABA | E14: 11-5047-1579 | F14: P | G14: P | H14: P | L14: LA | M14: LA | N14: LA | O14: LA | P14: LA | Q14: LA | R14: LA | S14: FA | T14: LLT | X14: P | Y14: P | Z14: P | AA14: P | AD14: P | AE14: P | AF14: P | AJ14: P | AM14: =IFS(AN14>3,"NO CORRESPONDE FRANCO",AS14>0,"NO CORRESPONDE FRANCO",AS14=0,"") -> NO CORRESPONDE FRANCO | AN14: =COUNTIF($F14:$AJ14,"LLT") -> 1 | AO14: =COUNTIF($F14:$AJ14,"LM") -> 0 | AP14: =COUNTIF($F14:$AJ14,"FaC") -> 0 | AQ14: =COUNTIF($F14:$AJ14,"LxE") -> 0 | AR14: =COUNTIF($F14:$AJ14,"LA") -> 7 | AS14: =SUM(AO14:AR14) -> 7
AK15: DA | AM15: =IFS(AN15>3,"NO CORRESPONDE FRANCO",AS15>0,"NO CORRESPONDE FRANCO",AS15=0,"")
A16: GRUPO "B" TM - 06 A 14 HS | F16: 1 | G16: 2 | H16: 3 | I16: 4 | J16: 5 | K16: 6 | L16: 7 | M16: 8 | N16: 9 | O16: 10 | P16: 11 | Q16: 12 | R16: 13 | S16: 14 | T16: 15 | U16: 16 | V16: 17 | W16: 18 | X16: 19 | Y16: 20 | Z16: 21 | AA16: 22 | AB16: 23 | AC16: 24 | AD16: 25 | AE16: 26 | AF16: 27 | AG16: 28 | AH16: 29 | AI16: 30 | AJ16: 31 | AM16: =IFS(AN16>3,"NO CORRESPONDE FRANCO",AS16>0,"NO CORRESPONDE FRANCO",AS16=0,"")
A17: JERARQUIA | B17: NOMBRE Y APELLIDO | C17: LP/DNI | D17: DOMICILIO | E17: CELULAR | F17: S | G17: D | H17: L | I17: M | J17: M | K17: J | L17: V | M17: S | N17: D | O17: L | P17: M | Q17: M | R17: J | S17: V | T17: S | U17: D | V17: L | W17: M | X17: M | Y17: J | Z17: V | AA17: S | AB17: D | AC17: L | AD17: M | AE17: M | AF17: J | AG17: V | AH17: S | AI17: D | AJ17: L | AM17: =IFS(AN17>3,"NO CORRESPONDE FRANCO",AS17>0,"NO CORRESPONDE FRANCO",AS17=0,"")
A18: Nivel J | B18: Penovi, Lucas | C18: 12141 | D18: Mendoza 224 2 C - Moron | E18: 11-3005-8475 | F18: LLT | G18: LLT | H18: LLT | I18: LLT | M18: P | N18: P | O18: P | R18: P | S18: LLT | T18: LLT | U18: LLT | Y18: P | Z18: P | AA18: LLT | AD18: P | AE18: P | AF18: LLT | AG18: LLT | AK18: Cumple servicio de 07 a 15Hs | AM18: =IFS(AN18>3,"NO CORRESPONDE FRANCO",AS18>0,"NO CORRESPONDE FRANCO",AS18=0,"") -> NO CORRESPONDE FRANCO | AN18: =COUNTIF($F18:$AJ18,"LLT") -> 9 | AO18: =COUNTIF($F18:$AJ18,"LM") -> 0 | AP18: =COUNTIF($F18:$AJ18,"FaC") -> 0 | AQ18: =COUNTIF($F18:$AJ18,"LxE") -> 0 | AR18: =COUNTIF($F18:$AJ18,"LA") -> 0 | AS18: =SUM(AO18:AR18) -> 0
A19: Nivel J | B19: Ibarra Veronica | C19: 13872 | D19: BLAS PARERA 871-LIBERTAD BS AS | E19: 11-3360-7862 | F19: LM | G19: LM | H19: LM | I19: LM | J19: LM | K19: LM | L19: LM | M19: LM | N19: LM | O19: LM | P19: LM | Q19: LM | R19: LM | S19: LM | T19: LM | U19: LM | V19: LM | W19: LM | X19: LM | Y19: LM | Z19: LM | AA19: LM | AB19: LM | AC19: LM | AD19: LM | AE19: LM | AF19: LM | AG19: LM | AH19: LM | AI19: LM | AJ19: LM | AK19: LM jasta 12/09 | AM19: =IFS(AN19>3,"NO CORRESPONDE FRANCO",AS19>0,"NO CORRESPONDE FRANCO",AS19=0,"") -> NO CORRESPONDE FRANCO | AN19: =COUNTIF($F19:$AJ19,"LLT") -> 0 | AO19: =COUNTIF($F19:$AJ19,"LM") -> 31 | AP19: =COUNTIF($F19:$AJ19,"FaC") -> 0 | AQ19: =COUNTIF($F19:$AJ19,"LxE") -> 0 | AR19: =COUNTIF($F19:$AJ19,"LA") -> 0 | AS19: =SUM(AO19:AR19) -> 31
A20: Contratado | B20: Koselstein, Silvina | C20: 24293262 | D20: CAAGUAZU 6911 DTO2 – CABA | E20: 11-2465-0440 | F20: LM | G20: LM | H20: LM | I20: LM | J20: LM | K20: LM | L20: LM | M20: LM | N20: LM | O20: LM | P20: LM | Q20: LM | R20: LM | S20: LM | T20: LM | U20: LM | V20: LM | W20: LM | X20: LM | Y20: LM | Z20: LM | AA20: LM | AB20: LM | AC20: LM | AD20: LM | AE20: LM | AF20: LM | AG20: LM | AH20: LM | AI20: LM | AJ20: LM | AK20: LM hasta 04/09 | AM20: =IFS(AN20>3,"NO CORRESPONDE FRANCO",AS20>0,"NO CORRESPONDE FRANCO",AS20=0,"") -> NO CORRESPONDE FRANCO | AN20: =COUNTIF($F20:$AJ20,"LLT") -> 0 | AO20: =COUNTIF($F20:$AJ20,"LM") -> 31 | AP20: =COUNTIF($F20:$AJ20,"FaC") -> 0 | AQ20: =COUNTIF($F20:$AJ20,"LxE") -> 0 | AR20: =COUNTIF($F20:$AJ20,"LA") -> 0 | AS20: =SUM(AO20:AR20) -> 31
A21: Contratado | B21: Romero, Graciela | C21: 30353085 | D21: MARTIN GARCIA MEROU 4738- LAFERRERE | E21: 11-3935-1209 | F21: LLT | G21: P | H21: P | I21: P | M21: LA | N21: LA | O21: LA | P21: LA | Q21: LA | R21: LA | S21: LA | T21: CG | U21: FA | Y21: FA | Z21: P | AA21: P | AB21: P | AD21: LM | AE21: LM | AF21: P | AG21: P | AM21: =IFS(AN21>3,"NO CORRESPONDE FRANCO",AS21>0,"NO CORRESPONDE FRANCO",AS21=0,"") -> NO CORRESPONDE FRANCO | AN21: =COUNTIF($F21:$AJ21,"LLT") -> 1 | AO21: =COUNTIF($F21:$AJ21,"LM") -> 2 | AP21: =COUNTIF($F21:$AJ21,"FaC") -> 0 | AQ21: =COUNTIF($F21:$AJ21,"LxE") -> 0 | AR21: =COUNTIF($F21:$AJ21,"LA") -> 7 | AS21: =SUM(AO21:AR21) -> 9
A22: Contratado | B22: Camaño, Nahuel Elias | C22: 44006317 | D22: PAEZ 927-RAMOS MEJIA | E22: 11-2238-1543 | F22: P | G22: P | H22: P | I22: P | M22: P | N22: P | O22: P | P22: LLT | R22: CG | S22: LLT | T22: LLT | U22: P | W22: F | Y22: LLT | Z22: P | AA22: P | AD22: P | AE22: P | AF22: LLT | AG22: P | AM22: =IFS(AN22>3,"NO CORRESPONDE FRANCO",AS22>0,"NO CORRESPONDE FRANCO",AS22=0,"") -> NO CORRESPONDE FRANCO | AN22: =COUNTIF($F22:$AJ22,"LLT") -> 5 | AO22: =COUNTIF($F22:$AJ22,"LM") -> 0 | AP22: =COUNTIF($F22:$AJ22,"FaC") -> 0 | AQ22: =COUNTIF($F22:$AJ22,"LxE") -> 0 | AR22: =COUNTIF($F22:$AJ22,"LA") -> 0 | AS22: =SUM(AO22:AR22) -> 0
A23: Contratado | B23: Galeano, Belen Noemí | C23: 45227870 | D23: CALLE 32 ENTRE 20 Y 21- GUERNICA | E23: 11-6746-7004 | F23: LLT | G23: LM | H23: LM | I23: P | M23: P | N23: LLT | O23: P | R23: P | S23: LM | T23: LLT | U23: LM | Y23: P | Z23: LM | AA23: LM | AD23: P | AE23: LM | AF23: LLT | AG23: P | AK23: Horario de lactancia de 06 a 12hs hasta 29/03/2027 | AM23: =IFS(AN23>3,"NO CORRESPONDE FRANCO",AS23>0,"NO CORRESPONDE FRANCO",AS23=0,"") -> NO CORRESPONDE FRANCO | AN23: =COUNTIF($F23:$AJ23,"LLT") -> 4 | AO23: =COUNTIF($F23:$AJ23,"LM") -> 7 | AP23: =COUNTIF($F23:$AJ23,"FaC") -> 0 | AQ23: =COUNTIF($F23:$AJ23,"LxE") -> 0 | AR23: =COUNTIF($F23:$AJ23,"LA") -> 0 | AS23: =SUM(AO23:AR23) -> 7
A24: Contratado | B24: Vorpagel, Sabrina | C24: 40835168 | D24: Rio diamante 1442 - Bella Vista | E24: 11-3442-8559 | F24: P | G24: P | H24: P | I24: P | M24: P | N24: P | O24: P | R24: P | S24: P | T24: P | U24: LLT | Y24: P | Z24: P | AA24: P | AD24: P | AE24: P | AF24: P | AG24: P | AM24: =IFS(AN24>3,"NO CORRESPONDE FRANCO",AS24>0,"NO CORRESPONDE FRANCO",AS24=0,"") | AN24: =COUNTIF($F24:$AJ24,"LLT") -> 1 | AO24: =COUNTIF($F24:$AJ24,"LM") -> 0 | AP24: =COUNTIF($F24:$AJ24,"FaC") -> 0 | AQ24: =COUNTIF($F24:$AJ24,"LxE") -> 0 | AR24: =COUNTIF($F24:$AJ24,"LA") -> 0 | AS24: =SUM(AO24:AR24) -> 0
A25: Contratado | B25: Vorpagel, Agustina | C25: 46089146 | D25: PASCUALA ACUETO- 1300- SAN MIGUEL | E25: 11-2797-4970 | F25: LM | G25: LM | H25: LM | I25: P | M25: P | N25: LLT | O25: P | R25: P | S25: P | T25: P | U25: LLT | Y25: P | Z25: P | AA25: P | AD25: FA | AE25: P | AF25: P | AG25: P | AM25: =IFS(AN25>3,"NO CORRESPONDE FRANCO",AS25>0,"NO CORRESPONDE FRANCO",AS25=0,"") -> NO CORRESPONDE FRANCO | AN25: =COUNTIF($F25:$AJ25,"LLT") -> 2 | AO25: =COUNTIF($F25:$AJ25,"LM") -> 3 | AP25: =COUNTIF($F25:$AJ25,"FaC") -> 0 | AQ25: =COUNTIF($F25:$AJ25,"LxE") -> 0 | AR25: =COUNTIF($F25:$AJ25,"LA") -> 0 | AS25: =SUM(AO25:AR25) -> 3
A26: Contratado | B26: Vesga Ivana | C26: 35761085 | D26: Nuñez de Arce 197 Banfield | E26: 11-60168265 | F26: LLT | G26: LLT | H26: LLT | I26: LLT | M26: P | N26: P | O26: P | R26: P | S26: P | T26: P | U26: P | Y26: P | Z26: P | AA26: P | AD26: P | AE26: P | AF26: P | AG26: P | AM26: =IFS(AN26>3,"NO CORRESPONDE FRANCO",AS26>0,"NO CORRESPONDE FRANCO",AS26=0,"") -> NO CORRESPONDE FRANCO | AN26: =COUNTIF($F26:$AJ26,"LLT") -> 4 | AO26: =COUNTIF($F26:$AJ26,"LM") -> 0 | AP26: =COUNTIF($F26:$AJ26,"FaC") -> 0 | AQ26: =COUNTIF($F26:$AJ26,"LxE") -> 0 | AR26: =COUNTIF($F26:$AJ26,"LA") -> 0 | AS26: =SUM(AO26:AR26) -> 0
A27: Contratado | B27: Arrigoni Ailin Lucila | C27: 39654955 | D27: Timoteo Gordillo 2674-Mataderos | E27: 1540317250 | F27: LM | G27: LM | H27: P | I27: P | K27: LM | L27: LM | M27: LM | N27: FA | O27: LM | R27: P | S27: P | T27: P | U27: FA | Y27: P | Z27: P | AA27: LM | AD27: P | AE27: P | AF27: P | AG27: CG | AJ27: P | AM27: =IFS(AN27>3,"NO CORRESPONDE FRANCO",AS27>0,"NO CORRESPONDE FRANCO",AS27=0,"") -> NO CORRESPONDE FRANCO | AN27: =COUNTIF($F27:$AJ27,"LLT") -> 0 | AO27: =COUNTIF($F27:$AJ27,"LM") -> 7 | AP27: =COUNTIF($F27:$AJ27,"FaC") -> 0 | AQ27: =COUNTIF($F27:$AJ27,"LxE") -> 0 | AR27: =COUNTIF($F27:$AJ27,"LA") -> 0 | AS27: =SUM(AO27:AR27) -> 7
A28: Contratado | B28: Cipriano, Facundo Nicolas | C28: 41917769 | D28: Paunero 1582 - La matanza | E28: 11-3485-8925 | F28: P | G28: P | H28: P | I28: P | M28: P | N28: P | O28: P | R28: P | S28: P | T28: P | U28: P | Y28: P | Z28: P | AA28: P | AC28: P | AD28: CG | AE28: P | AF28: P | AG28: FA | AM28: =IFS(AN28>3,"NO CORRESPONDE FRANCO",AS28>0,"NO CORRESPONDE FRANCO",AS28=0,"") | AN28: =COUNTIF($F28:$AJ28,"LLT") -> 0 | AO28: =COUNTIF($F28:$AJ28,"LM") -> 0 | AP28: =COUNTIF($F28:$AJ28,"FaC") -> 0 | AQ28: =COUNTIF($F28:$AJ28,"LxE") -> 0 | AR28: =COUNTIF($F28:$AJ28,"LA") -> 0 | AS28: =SUM(AO28:AR28) -> 0
A29: Contratado | B29: Romanos Brian Nicolas Erik | C29: 43106633 | D29: SANTA MARÍA 3354 SAN MIGUEL | E29: 11-2642-0423 | F29: P | G29: LLT | H29: P | I29: LLT | M29: P | N29: LA | O29: LA | P29: LA | Q29: LA | R29: LA | S29: LA | T29: LA | U29: LA | Y29: P | Z29: P | AA29: P | AD29: LM | AE29: LM | AF29: LLT | AG29: P | AM29: =IFS(AN29>3,"NO CORRESPONDE FRANCO",AS29>0,"NO CORRESPONDE FRANCO",AS29=0,"") -> NO CORRESPONDE FRANCO | AN29: =COUNTIF($F29:$AJ29,"LLT") -> 3 | AO29: =COUNTIF($F29:$AJ29,"LM") -> 2 | AP29: =COUNTIF($F29:$AJ29,"FaC") -> 0 | AQ29: =COUNTIF($F29:$AJ29,"LxE") -> 0 | AR29: =COUNTIF($F29:$AJ29,"LA") -> 8 | AS29: =SUM(AO29:AR29) -> 10
A30: Contratado | B30: Garnica Candela Parvis | C30: 47343587 | D30: Av Derqui 4009 CABA | E30: 11-3859-7268 | W30: P | Z30: P | AD30: P | AK30: 10 A 18HS. | AM30: =IFS(AN30>3,"NO CORRESPONDE FRANCO",AS30>0,"NO CORRESPONDE FRANCO",AS30=0,"")
AM31: =IFS(AN31>3,"NO CORRESPONDE FRANCO",AS31>0,"NO CORRESPONDE FRANCO",AS31=0,"")
AM32: =IFS(AN32>3,"NO CORRESPONDE FRANCO",AS32>0,"NO CORRESPONDE FRANCO",AS32=0,"")
A33: GRUPO "C" TM - 06 A 14 HS | F33: 1 | G33: 2 | H33: 3 | I33: 4 | J33: 5 | K33: 6 | L33: 7 | M33: 8 | N33: 9 | O33: 10 | P33: 11 | Q33: 12 | R33: 13 | S33: 14 | T33: 15 | U33: 16 | V33: 17 | W33: 18 | X33: 19 | Y33: 20 | Z33: 21 | AA33: 22 | AB33: 23 | AC33: 24 | AD33: 25 | AE33: 26 | AF33: 27 | AG33: 28 | AH33: 29 | AI33: 30 | AJ33: 31 | AM33: =IFS(AN33>3,"NO CORRESPONDE FRANCO",AS33>0,"NO CORRESPONDE FRANCO",AS33=0,"")
A34: JERARQUIA | B34: NOMBRE Y APELLIDO | C34: LP/DNI | D34: DOMICILIO | E34: CELULAR | F34: S | G34: D | H34: L | I34: M | J34: M | K34: J | L34: V | M34: S | N34: D | O34: L | P34: M | Q34: M | R34: J | S34: V | T34: S | U34: D | V34: L | W34: M | X34: M | Y34: J | Z34: V | AA34: S | AB34: D | AC34: L | AD34: M | AE34: M | AF34: J | AG34: V | AH34: S | AI34: D | AJ34: L | AM34: =IFS(AN34>3,"NO CORRESPONDE FRANCO",AS34>0,"NO CORRESPONDE FRANCO",AS34=0,"")
A35: Nivel I | B35: Fidel Graciano, Federico | C35: 12434 | D35: LOS ANDES 2174 - FLORENCIO VARELA | E35: 11-6188-0608 / 11-2261-5080 (POC) | F35: LA | G35: LA | H35: LA | I35: LA | J35: LA | K35: P | N35: P | O35: LLT | P35: LLT | Q35: LLT | U35: P | V35: P | W35: LLT | Z35: LLT | AA35: P | AB35: P | AC35: LLT | AG35: LLT | AH35: P | AI35: P | AM35: =IFS(AN35>3,"NO CORRESPONDE FRANCO",AS35>0,"NO CORRESPONDE FRANCO",AS35=0,"") -> NO CORRESPONDE FRANCO | AN35: =COUNTIF($F35:$AJ35,"LLT") -> 7 | AO35: =COUNTIF($F35:$AJ35,"LM") -> 0 | AP35: =COUNTIF($F35:$AJ35,"FaC") -> 0 | AQ35: =COUNTIF($F35:$AJ35,"LxE") -> 0 | AR35: =COUNTIF($F35:$AJ35,"LA") -> 5 | AS35: =SUM(AO35:AR35) -> 5
A36: Nivel I | B36: Olivares, Sabrina | C36: 12899 | D36: Av. Directorio 963 2°B - Caballito - CABA | E36: 11-3594-6013 | I36: LLT | J36: LLT | K36: LLT | N36: LLT | O36: LLT | P36: LLT | Q36: LLT | U36: LLT | V36: LLT | W36: LLT | Z36: P | AA36: P | AB36: LLT | AC36: LLT | AG36: LLT | AH36: LLT | AI36: LLT | AK36: Cumple servicio de 07 a 15Hs | AM36: =IFS(AN36>3,"NO CORRESPONDE FRANCO",AS36>0,"NO CORRESPONDE FRANCO",AS36=0,"") -> NO CORRESPONDE FRANCO | AN36: =COUNTIF($F36:$AJ36,"LLT") -> 15 | AO36: =COUNTIF($F36:$AJ36,"LM") -> 0 | AP36: =COUNTIF($F36:$AJ36,"FaC") -> 0 | AQ36: =COUNTIF($F36:$AJ36,"LxE") -> 0 | AR36: =COUNTIF($F36:$AJ36,"LA") -> 0 | AS36: =SUM(AO36:AR36) -> 0
A37: Contratado | B37: Cardozo, Romina | C37: 32445282 | D37: Azcuenaga 355- San Miguel | E37: 342 5381452 | I37: P | J37: P | K37: P | N37: FA | O37: P | P37: P | Q37: P | U37: CG | V37: P | W37: P | X37: P | Z37: LA | AA37: LA | AB37: LA | AC37: LA | AD37: LA | AG37: CG | AH37: P | AI37: FA | AK37: 1/9 CG LA CUBRE CABRERA | AM37: =IFS(AN37>3,"NO CORRESPONDE FRANCO",AS37>0,"NO CORRESPONDE FRANCO",AS37=0,"") -> NO CORRESPONDE FRANCO | AN37: =COUNTIF($F37:$AJ37,"LLT") -> 0 | AO37: =COUNTIF($F37:$AJ37,"LM") -> 0 | AP37: =COUNTIF($F37:$AJ37,"FaC") -> 0 | AQ37: =COUNTIF($F37:$AJ37,"LxE") -> 0 | AR37: =COUNTIF($F37:$AJ37,"LA") -> 5 | AS37: =SUM(AO37:AR37) -> 5
A38: Contratado | B38: Castaño, Natalia Soledad | C38: 32003476 | D38: Quintana 4856 - San Fernando | E38: 11-5465-1642 | I38: P | J38: P | K38: P | L38: P | N38: FA | O38: P | P38: P | Q38: P | U38: LLT | V38: CG | W38: P | Y38: P | Z38: P | AA38: P | AB38: P | AC38: P | AG38: P | AH38: P | AI38: LLT | AM38: =IFS(AN38>3,"NO CORRESPONDE FRANCO",AS38>0,"NO CORRESPONDE FRANCO",AS38=0,"") | AN38: =COUNTIF($F38:$AJ38,"LLT") -> 2 | AO38: =COUNTIF($F38:$AJ38,"LM") -> 0 | AP38: =COUNTIF($F38:$AJ38,"FaC") -> 0 | AQ38: =COUNTIF($F38:$AJ38,"LxE") -> 0 | AR38: =COUNTIF($F38:$AJ38,"LA") -> 0 | AS38: =SUM(AO38:AR38) -> 0
A39: Contratado | B39: Roa, Abril | C39: 41706256 | D39: Bulnes 1584 CABA | E39: 11-26950112 | F39: LxM | G39: LxM | H39: LxM | I39: LxM | J39: LxM | K39: LxM | L39: LxM | M39: LxM | N39: LxM | O39: LxM | P39: LxM | Q39: LxM | R39: LxM | S39: LxM | T39: LxM | U39: LxM | V39: LxM | W39: LxM | X39: LxM | Y39: LxM | Z39: LxM | AA39: LxM | AB39: LxM | AC39: LxM | AD39: LxM | AE39: LxM | AF39: LxM | AG39: LxM | AH39: LxM | AI39: LxM | AJ39: LxM | AK39: HASTA 13/09 | AM39: =IFS(AN39>3,"NO CORRESPONDE FRANCO",AS39>0,"NO CORRESPONDE FRANCO",AS39=0,"") | AN39: =COUNTIF($F39:$AJ39,"LLT") -> 0 | AO39: =COUNTIF($F39:$AJ39,"LM") -> 0 | AP39: =COUNTIF($F39:$AJ39,"FaC") -> 0 | AQ39: =COUNTIF($F39:$AJ39,"LxE") -> 0 | AR39: =COUNTIF($F39:$AJ39,"LA") -> 0 | AS39: =SUM(AO39:AR39) -> 0
A40: Contratado | B40: Luraschi, Ignacio | C40: 43988966 | D40: Lascano 3818 - Torre A2 Piso 3 - Depto 4 - CABA | E40: 11-3570-5020 | I40: LM | J40: LM | K40: LM | L40: LM | N40: LM | O40: LLT | P40: CG | Q40: P | R40: P | U40: FA | V40: LLT | W40: LLT | Z40: P | AA40: P | AB40: LM | AC40: CG | AD40: P | AG40: P | AH40: P | AI40: P | AM40: =IFS(AN40>3,"NO CORRESPONDE FRANCO",AS40>0,"NO CORRESPONDE FRANCO",AS40=0,"") -> NO CORRESPONDE FRANCO | AN40: =COUNTIF($F40:$AJ40,"LLT") -> 3 | AO40: =COUNTIF($F40:$AJ40,"LM") -> 6 | AP40: =COUNTIF($F40:$AJ40,"FaC") -> 0 | AQ40: =COUNTIF($F40:$AJ40,"LxE") -> 0 | AR40: =COUNTIF($F40:$AJ40,"LA") -> 0 | AS40: =SUM(AO40:AR40) -> 6
A41: Contratado | B41: Suarez Marcos Nahuel | C41: 37341342 | D41: Casa Cuberta Bicentenario - Avellaneda | E41: 15 3275 7717 | H41: LA | I41: LA | J41: LA | K41: LA | L41: LA | M41: LA | N41: LA | O41: LA | P41: LA | Q41: LA | R41: LA | S41: LA | T41: LA | U41: LA | V41: P | W41: P | Z41: P | AA41: P | AB41: P | AC41: P | AG41: P | AH41: P | AI41: P | AM41: =IFS(AN41>3,"NO CORRESPONDE FRANCO",AS41>0,"NO CORRESPONDE FRANCO",AS41=0,"") -> NO CORRESPONDE FRANCO | AN41: =COUNTIF($F41:$AJ41,"LLT") -> 0 | AO41: =COUNTIF($F41:$AJ41,"LM") -> 0 | AP41: =COUNTIF($F41:$AJ41,"FaC") -> 0 | AQ41: =COUNTIF($F41:$AJ41,"LxE") -> 0 | AR41: =COUNTIF($F41:$AJ41,"LA") -> 14 | AS41: =SUM(AO41:AR41) -> 14
A42: Contratado | B42: Ghiglione Franco Leonel | C42: 32784025 | D42: Carlos Calvo 854 Piso 1- Depto 9-CABA | E42: 11-2392-4078 | I42: P | J42: P | K42: P | N42: FA | O42: P | P42: P | Q42: P | U42: LLT | V42: LLT | W42: P | Z42: P | AA42: P | AB42: LLT | AC42: LTT | AG42: P | AH42: LLT | AI42: LLT | AM42: =IFS(AN42>3,"NO CORRESPONDE FRANCO",AS42>0,"NO CORRESPONDE FRANCO",AS42=0,"") -> NO CORRESPONDE FRANCO | AN42: =COUNTIF($F42:$AJ42,"LLT") -> 5 | AO42: =COUNTIF($F42:$AJ42,"LM") -> 0 | AP42: =COUNTIF($F42:$AJ42,"FaC") -> 0 | AQ42: =COUNTIF($F42:$AJ42,"LxE") -> 0 | AR42: =COUNTIF($F42:$AJ42,"LA") -> 0 | AS42: =SUM(AO42:AR42) -> 0
A43: Contratado | B43: Andrada Solange Edith | C43: 21474952 | D43: Lautaro 59 Dpto 4-CABA, Flores | E43: 11-2848-4080 | J43: LLT | K43: LLT | N43: LLT | O43: P | P43: LLT | Q43: LA | R43: LA | S43: LA | T43: LA | U43: LA | V43: LA | W43: LA | Z43: LLT | AA43: LLT | AB43: LLT | AC43: LLT | AG43: LLT | AH43: LLT | AI43: P | AM43: =IFS(AN43>3,"NO CORRESPONDE FRANCO",AS43>0,"NO CORRESPONDE FRANCO",AS43=0,"") -> NO CORRESPONDE FRANCO | AN43: =COUNTIF($F43:$AJ43,"LLT") -> 10 | AO43: =COUNTIF($F43:$AJ43,"LM") -> 0 | AP43: =COUNTIF($F43:$AJ43,"FaC") -> 0 | AQ43: =COUNTIF($F43:$AJ43,"LxE") -> 0 | AR43: =COUNTIF($F43:$AJ43,"LA") -> 7 | AS43: =SUM(AO43:AR43) -> 7
A44: Contratado | B44: Quinteros, Julieta | C44: 47257254 | D44: Guillermo Marconi 3334-Olivos | E44: 11-25455866 | I44: LLT | J44: LLT | K44: LLT | N44: LLT | O44: LLT | P44: LLT | Q44: LLT | U44: LA | V44: LA | W44: LA | X44: LA | Y44: LA | Z44: LA | AA44: LA | AB44: LLT | AC44: LLT | AH44: P | AI44: LLT | AM44: =IFS(AN44>3,"NO CORRESPONDE FRANCO",AS44>0,"NO CORRESPONDE FRANCO",AS44=0,"") -> NO CORRESPONDE FRANCO | AN44: =COUNTIF($F44:$AJ44,"LLT") -> 10 | AO44: =COUNTIF($F44:$AJ44,"LM") -> 0 | AP44: =COUNTIF($F44:$AJ44,"FaC") -> 0 | AQ44: =COUNTIF($F44:$AJ44,"LxE") -> 0 | AR44: =COUNTIF($F44:$AJ44,"LA") -> 7 | AS44: =SUM(AO44:AR44) -> 7
A45: Contratado | B45: Ojeda Rocio | C45: 36992993 | D45: ZUVIRIA 2032-LAFERRERE | E45: 11-3203-5913 | G45: P | I45: CG | J45: P | K45: P | N45: P | O45: P | P45: P | Q45: P | U45: P | V45: P | W45: P | Z45: P | AA45: P | AB45: P | AC45: P | AG45: LM | AH45: LM | AI45: P | AM45: =IFS(AN45>3,"NO CORRESPONDE FRANCO",AS45>0,"NO CORRESPONDE FRANCO",AS45=0,"") -> NO CORRESPONDE FRANCO | AN45: =COUNTIF($F45:$AJ45,"LLT") -> 0 | AO45: =COUNTIF($F45:$AJ45,"LM") -> 2 | AP45: =COUNTIF($F45:$AJ45,"FaC") -> 0 | AQ45: =COUNTIF($F45:$AJ45,"LxE") -> 0 | AR45: =COUNTIF($F45:$AJ45,"LA") -> 0 | AS45: =SUM(AO45:AR45) -> 2
AM46: =IFS(AN46>3,"NO CORRESPONDE FRANCO",AS46>0,"NO CORRESPONDE FRANCO",AS46=0,"")
A47: GRUPO "D" TM - 06 A 14 HS | F47: 1 | G47: 2 | H47: 3 | I47: 4 | J47: 5 | K47: 6 | L47: 7 | M47: 8 | N47: 9 | O47: 10 | P47: 11 | Q47: 12 | R47: 13 | S47: 14 | T47: 15 | U47: 16 | V47: 17 | W47: 18 | X47: 19 | Y47: 20 | Z47: 21 | AA47: 22 | AB47: 23 | AC47: 24 | AD47: 25 | AE47: 26 | AF47: 27 | AG47: 28 | AH47: 29 | AI47: 30 | AJ47: 31 | AM47: =IFS(AN47>3,"NO CORRESPONDE FRANCO",AS47>0,"NO CORRESPONDE FRANCO",AS47=0,"")
A48: JERARQUIA | B48: NOMBRE Y APELLIDO | C48: LP/DNI | D48: DOMICILIO | E48: CELULAR | F48: S | G48: D | H48: L | I48: M | J48: M | K48: J | L48: V | M48: S | N48: D | O48: L | P48: M | Q48: M | R48: J | S48: V | T48: S | U48: D | V48: L | W48: M | X48: M | Y48: J | Z48: V | AA48: S | AB48: D | AC48: L | AD48: M | AE48: M | AF48: J | AG48: V | AH48: S | AI48: D | AJ48: L | AM48: =IFS(AN48>3,"NO CORRESPONDE FRANCO",AS48>0,"NO CORRESPONDE FRANCO",AS48=0,"")
A49: Nivel I | B49: Rios, Gabriela | C49: 12841 | D49: FRAY MAMERTO ESQUIU 2052- Depto. 12, LANUS ESTE | E49: 11-6666-8322 | H49: LLT | I49: LLT | J49: P | N49: P | O49: P | P49: P | Q49: P | T49: P | U49: LLT | V49: P | Z49: P | AA49: P | AB49: P | AC49: LLT | AF49: P | AG49: p | AH49: P | AM49: =IFS(AN49>3,"NO CORRESPONDE FRANCO",AS49>0,"NO CORRESPONDE FRANCO",AS49=0,"") -> NO CORRESPONDE FRANCO | AN49: =COUNTIF($F49:$AJ49,"LLT") -> 4 | AO49: =COUNTIF($F49:$AJ49,"LM") -> 0 | AP49: =COUNTIF($F49:$AJ49,"FaC") -> 0 | AQ49: =COUNTIF($F49:$AJ49,"LxE") -> 0 | AR49: =COUNTIF($F49:$AJ49,"LA") -> 0 | AS49: =SUM(AO49:AR49) -> 0
A50: Nivel J | B50: Zaslavsky, Sandra | C50: 13798 | D50: Cuzco 60 PB-C - CABA | E50: 11-6139-7528 | H50: P | I50: P | J50: P | N50: P | O50: P | P50: P | Q50: P | T50: FA | U50: P | V50: P | Z50: P | AA50: LM | AB50: P | AC50: P | AF50: P | AG50: P | AH50: FA | AK50: 24 DE SEPTIEMBRE FA X EVENTO RELEVANTE | AM50: =IFS(AN50>3,"NO CORRESPONDE FRANCO",AS50>0,"NO CORRESPONDE FRANCO",AS50=0,"") -> NO CORRESPONDE FRANCO | AN50: =COUNTIF($F50:$AJ50,"LLT") -> 0 | AO50: =COUNTIF($F50:$AJ50,"LM") -> 1 | AP50: =COUNTIF($F50:$AJ50,"FaC") -> 0 | AQ50: =COUNTIF($F50:$AJ50,"LxE") -> 0 | AR50: =COUNTIF($F50:$AJ50,"LA") -> 0 | AS50: =SUM(AO50:AR50) -> 1
A51: Contratado | B51: Carrizo, Rodrigo | C51: 43444086 | D51: Hudson 1805 San martin | E51: 11-25147216 | H51: P | I51: P | J51: P | N51: LA | O51: LA | P51: LA | Q51: LA | R51: LA | S51: LA | T51: LA | U51: P | V51: P | Z51: P | AA51: P | AB51: LLT | AC51: P | AF51: P | AG51: P | AH51: P | AM51: =IFS(AN51>3,"NO CORRESPONDE FRANCO",AS51>0,"NO CORRESPONDE FRANCO",AS51=0,"") -> NO CORRESPONDE FRANCO | AN51: =COUNTIF($F51:$AJ51,"LLT") -> 1 | AO51: =COUNTIF($F51:$AJ51,"LM") -> 0 | AP51: =COUNTIF($F51:$AJ51,"FaC") -> 0 | AQ51: =COUNTIF($F51:$AJ51,"LxE") -> 0 | AR51: =COUNTIF($F51:$AJ51,"LA") -> 7 | AS51: =SUM(AO51:AR51) -> 7
A52: Contratado | B52: Rojas, Melanie | C52: 40097155 | D52: Calle 169 N° 518 - Bernal Oeste, Quilmes | E52: 11-62800567 | H52: P | I52: P | J52: P | N52: CG | O52: P | P52: P | Q52: P | R52: P | T52: P | U52: CG | V52: FA | Z52: P | AA52: P | AB52: LLT | AC52: P | AF52: P | AG52: P | AH52: P | AJ52: P | AM52: =IFS(AN52>3,"NO CORRESPONDE FRANCO",AS52>0,"NO CORRESPONDE FRANCO",AS52=0,"") | AN52: =COUNTIF($F52:$AJ52,"LLT") -> 1 | AO52: =COUNTIF($F52:$AJ52,"LM") -> 0 | AP52: =COUNTIF($F52:$AJ52,"FaC") -> 0 | AQ52: =COUNTIF($F52:$AJ52,"LxE") -> 0 | AR52: =COUNTIF($F52:$AJ52,"LA") -> 0 | AS52: =SUM(AO52:AR52) -> 0
A53: Contratado | B53: Arispe Gerson | C53: 40012530 | D53: Nuñez 5471-Villa Urquiza | E53: 11-5141-3599 | G53: P | H53: P | I53: LLT | J53: LLT | N53: LA | O53: LA | P53: LA | Q53: LA | R53: LA | S53: LA | T53: LA | U53: LLT | V53: P | Z53: P | AA53: LLT | AB53: P | AC53: P | AF53: P | AG53: LLT | AH53: CG | AM53: =IFS(AN53>3,"NO CORRESPONDE FRANCO",AS53>0,"NO CORRESPONDE FRANCO",AS53=0,"") -> NO CORRESPONDE FRANCO | AN53: =COUNTIF($F53:$AJ53,"LLT") -> 5 | AO53: =COUNTIF($F53:$AJ53,"LM") -> 0 | AP53: =COUNTIF($F53:$AJ53,"FaC") -> 0 | AQ53: =COUNTIF($F53:$AJ53,"LxE") -> 0 | AR53: =COUNTIF($F53:$AJ53,"LA") -> 7 | AS53: =SUM(AO53:AR53) -> 7
A54: Contratado | B54: Benitez Macarena Natali | C54: 34949458 | D54: Timoteo Gordillo 1940 - caba | E54: 1151118040 | H54: P | I54: P | J54: LLT | M54: P | N54: P | O54: P | P54: P | Q54: P | S54: P | T54: P | U54: P | V54: P | Z54: CG | AA54: CG | AB54: P | AC54: P | AF54: P | AG54: P | AH54: CG | AI54: P | AM54: =IFS(AN54>3,"NO CORRESPONDE FRANCO",AS54>0,"NO CORRESPONDE FRANCO",AS54=0,"") | AN54: =COUNTIF($F54:$AJ54,"LLT") -> 1 | AO54: =COUNTIF($F54:$AJ54,"LM") -> 0 | AP54: =COUNTIF($F54:$AJ54,"FaC") -> 0 | AQ54: =COUNTIF($F54:$AJ54,"LxE") -> 0 | AR54: =COUNTIF($F54:$AJ54,"LA") -> 0 | AS54: =SUM(AO54:AR54) -> 0
A55: Contratado | B55: Arzamendia, Ariel | C55: 45077746 | D55: Jufre 870 - Villa Crespo | E55: 11-6926-0796 | H55: P | I55: P | J55: P | N55: P | O55: P | P55: P | Q55: P | T55: P | U55: P | V55: P | Z55: P | AA55: P | AB55: P | AC55: FA | AF55: P | AG55: P | AH55: P | AM55: =IFS(AN55>3,"NO CORRESPONDE FRANCO",AS55>0,"NO CORRESPONDE FRANCO",AS55=0,"") | AN55: =COUNTIF($F55:$AJ55,"LLT") -> 0 | AO55: =COUNTIF($F55:$AJ55,"LM") -> 0 | AP55: =COUNTIF($F55:$AJ55,"FaC") -> 0 | AQ55: =COUNTIF($F55:$AJ55,"LxE") -> 0 | AR55: =COUNTIF($F55:$AJ55,"LA") -> 0 | AS55: =SUM(AO55:AR55) -> 0
A56: Contratado | B56: Arzamendia, Lucas Ariel | C56: 42373340 | D56: Jufre 870 - Villa Crespo | E56: 11-6362-6888 | G56: P | H56: P | I56: P | J56: P | N56: P | O56: P | P56: P | Q56: FA | T56: P | U56: P | V56: P | Z56: P | AA56: P | AB56: P | AC56: FA | AF56: P | AG56: P | AH56: P | AM56: =IFS(AN56>3,"NO CORRESPONDE FRANCO",AS56>0,"NO CORRESPONDE FRANCO",AS56=0,"") | AN56: =COUNTIF($F56:$AJ56,"LLT") -> 0 | AO56: =COUNTIF($F56:$AJ56,"LM") -> 0 | AP56: =COUNTIF($F56:$AJ56,"FaC") -> 0 | AQ56: =COUNTIF($F56:$AJ56,"LxE") -> 0 | AR56: =COUNTIF($F56:$AJ56,"LA") -> 0 | AS56: =SUM(AO56:AR56) -> 0
A57: Contratado | B57: Leiva Ramirez, Carolina | C57: 39467782 | D57: Araoz de la Madrid 521 - CABA | E57: 1130635715 | F57: P | H57: LM | I57: LM | J57: CG | N57: FA | O57: P | P57: P | Q57: P | R57: P | T57: P | U57: P | V57: P | Z57: P | AA57: P | AB57: P | AF57: CG | AG57: P | AH57: P | AM57: =IFS(AN57>3,"NO CORRESPONDE FRANCO",AS57>0,"NO CORRESPONDE FRANCO",AS57=0,"") -> NO CORRESPONDE FRANCO | AN57: =COUNTIF($F57:$AJ57,"LLT") -> 0 | AO57: =COUNTIF($F57:$AJ57,"LM") -> 2 | AP57: =COUNTIF($F57:$AJ57,"FaC") -> 0 | AQ57: =COUNTIF($F57:$AJ57,"LxE") -> 0 | AR57: =COUNTIF($F57:$AJ57,"LA") -> 0 | AS57: =SUM(AO57:AR57) -> 2
A58: Contratado | B58: Salinas, Franco Gabriel | C58: 44965623 | D58: Calle 820 N°2652- Quilmes | E58: 11-2742-6729 | H58: P | I58: P | J58: LLT | N58: FA | O58: P | P58: P | Q58: P | T58: P | U58: LLT | V58: LLT | Z58: P | AA58: LLT | AB58: LM | AF58: P | AG58: LM | AH58: CG | AJ58: AUS | AM58: =IFS(AN58>3,"NO CORRESPONDE FRANCO",AS58>0,"NO CORRESPONDE FRANCO",AS58=0,"") -> NO CORRESPONDE FRANCO | AN58: =COUNTIF($F58:$AJ58,"LLT") -> 4 | AO58: =COUNTIF($F58:$AJ58,"LM") -> 2 | AP58: =COUNTIF($F58:$AJ58,"FaC") -> 0 | AQ58: =COUNTIF($F58:$AJ58,"LxE") -> 0 | AR58: =COUNTIF($F58:$AJ58,"LA") -> 0 | AS58: =SUM(AO58:AR58) -> 2
A59: Contratado | B59: Artesi Flavia | C59: 26667211 | D59: Monte Verde 4789- Claypole | E59: 11 2303-2183 | H59: CG | I59: CG | J59: A | N59: LM | O59: LM | P59: P | Q59: P | R59: P | T59: P | U59: P | V59: P | Z59: P | AA59: P | AB59: LM | AC59: P | AD59: AUS | AF59: P | AG59: P | AH59: P | AM59: =IFS(AN59>3,"NO CORRESPONDE FRANCO",AS59>0,"NO CORRESPONDE FRANCO",AS59=0,"") -> NO CORRESPONDE FRANCO | AN59: =COUNTIF($F59:$AJ59,"LLT") -> 0 | AO59: =COUNTIF($F59:$AJ59,"LM") -> 3 | AP59: =COUNTIF($F59:$AJ59,"FaC") -> 0 | AQ59: =COUNTIF($F59:$AJ59,"LxE") -> 0 | AR59: =COUNTIF($F59:$AJ59,"LA") -> 0 | AS59: =SUM(AO59:AR59) -> 3
AM60: =IFS(AN60>3,"NO CORRESPONDE FRANCO",AS60>0,"NO CORRESPONDE FRANCO",AS60=0,"")
A61: GRUPO "E" TM - 06 A 14 HS | F61: 1 | G61: 2 | H61: 3 | I61: 4 | J61: 5 | K61: 6 | L61: 7 | M61: 8 | N61: 9 | O61: 10 | P61: 11 | Q61: 12 | R61: 13 | S61: 14 | T61: 15 | U61: 16 | V61: 17 | W61: 18 | X61: 19 | Y61: 20 | Z61: 21 | AA61: 22 | AB61: 23 | AC61: 24 | AD61: 25 | AE61: 26 | AF61: 27 | AG61: 28 | AH61: 29 | AI61: 30 | AJ61: 31 | AM61: =IFS(AN61>3,"NO CORRESPONDE FRANCO",AS61>0,"NO CORRESPONDE FRANCO",AS61=0,"")
A62: JERARQUIA | B62: NOMBRE Y APELLIDO | C62: LP/DNI | D62: DOMICILIO | E62: CELULAR | F62: S | G62: D | H62: L | I62: M | J62: M | K62: J | L62: V | M62: S | N62: D | O62: L | P62: M | Q62: M | R62: J | S62: V | T62: S | U62: D | V62: L | W62: M | X62: M | Y62: J | Z62: V | AA62: S | AB62: D | AC62: L | AD62: M | AE62: M | AF62: J | AG62: V | AH62: S | AI62: D | AJ62: L | AM62: =IFS(AN62>3,"NO CORRESPONDE FRANCO",AS62>0,"NO CORRESPONDE FRANCO",AS62=0,"")
A63: Nivel I | B63: Lencina, Cristina | C63: 12435 | D63: Magin roca 564 Lomas de Zamora | E63: 11-3252-6815 / POC 11-4184-9099 | F63: LA | G63: LA | H63: LA | I63: LA | J63: LA | K63: LA | L63: P | M63: FA | P63: P | Q63: P | R63: LLT | V63: LLT | W63: P | X63: P | Y63: LLT | AB63: P | AC63: LTT | AD63: P | AH63: FA | AI63: P | AJ63: P | AM63: =IFS(AN63>3,"NO CORRESPONDE FRANCO",AS63>0,"NO CORRESPONDE FRANCO",AS63=0,"") -> NO CORRESPONDE FRANCO | AN63: =COUNTIF($F63:$AJ63,"LLT") -> 3 | AO63: =COUNTIF($F63:$AJ63,"LM") -> 0 | AP63: =COUNTIF($F63:$AJ63,"FaC") -> 0 | AQ63: =COUNTIF($F63:$AJ63,"LxE") -> 0 | AR63: =COUNTIF($F63:$AJ63,"LA") -> 6 | AS63: =SUM(AO63:AR63) -> 6
A64: Nivel G | B64: Ordoñez, Lucas Matías | C64: 33106 | D64: Francisco de Gurruchaga 1181 - Hurlingham | E64: 11-3580-0753 | F64: LLT | J64: LLT | K64: LM | L64: LM | O64: PASA AL GRUPO 6B | AM64: =IFS(AN64>3,"NO CORRESPONDE FRANCO",AS64>0,"NO CORRESPONDE FRANCO",AS64=0,"") -> NO CORRESPONDE FRANCO | AN64: =COUNTIF($F64:$AJ64,"LLT") -> 2 | AO64: =COUNTIF($F64:$AJ64,"LM") -> 2 | AP64: =COUNTIF($F64:$AJ64,"FaC") -> 0 | AQ64: =COUNTIF($F64:$AJ64,"LxE") -> 0 | AR64: =COUNTIF($F64:$AJ64,"LA") -> 0 | AS64: =SUM(AO64:AR64) -> 2
A65: Contratado | B65: Astargo, Natanael | C65: 38635499 | D65: balbastro 1485 - MERLO | E65: 11-4058-1747 | F65: LLT | J65: LLT | K65: LLT | L65: P | M65: P | P65: LLT | Q65: P | R65: P | V65: P | W65: P | X65: P | Y65: LLT | AB65: LM | AC65: LLT | AD65: P | AH65: P | AI65: P | AJ65: P | AM65: =IFS(AN65>3,"NO CORRESPONDE FRANCO",AS65>0,"NO CORRESPONDE FRANCO",AS65=0,"") -> NO CORRESPONDE FRANCO | AN65: =COUNTIF($F65:$AJ65,"LLT") -> 6 | AO65: =COUNTIF($F65:$AJ65,"LM") -> 1 | AP65: =COUNTIF($F65:$AJ65,"FaC") -> 0 | AQ65: =COUNTIF($F65:$AJ65,"LxE") -> 0 | AR65: =COUNTIF($F65:$AJ65,"LA") -> 0 | AS65: =SUM(AO65:AR65) -> 1
A66: Contratado | B66: Galvan Mauro | C66: 36696432 | D66: Calle Peatonal 3 4889 - Lanus Oeste | E66: 11-6408-9506 | F66: LLT | J66: LLT | K66: LLT | L66: LLT | M66: LLT | N66: LLT | P66: LLT | Q66: LLT | R66: CG | V66: LA | W66: LA | X66: LA | Y66: LA | Z66: LA | AA66: LA | AB66: LA | AC66: LTT | AD66: LLT | AH66: LLT | AI66: LLT | AJ66: LLT | AM66: =IFS(AN66>3,"NO CORRESPONDE FRANCO",AS66>0,"NO CORRESPONDE FRANCO",AS66=0,"") -> NO CORRESPONDE FRANCO | AN66: =COUNTIF($F66:$AJ66,"LLT") -> 12 | AO66: =COUNTIF($F66:$AJ66,"LM") -> 0 | AP66: =COUNTIF($F66:$AJ66,"FaC") -> 0 | AQ66: =COUNTIF($F66:$AJ66,"LxE") -> 0 | AR66: =COUNTIF($F66:$AJ66,"LA") -> 7 | AS66: =SUM(AO66:AR66) -> 7
A67: Contratado | B67: Charon, Florencia Agustina | C67: 41474117 | D67: Evita 1232 - Retiro | E67: 11- 3217 1912 | F67: P | J67: P | K67: CG | L67: LLT | M67: P | P67: P | Q67: P | R67: P | T67: P | V67: LM | W67: LM | X67: P | Y67: P | AA67: P | AB67: CG | AC67: LM | AD67: LM | AE67: LLT | AH67: CG | AI67: CG | AJ67: P | AM67: =IFS(AN67>3,"NO CORRESPONDE FRANCO",AS67>0,"NO CORRESPONDE FRANCO",AS67=0,"") -> NO CORRESPONDE FRANCO | AN67: =COUNTIF($F67:$AJ67,"LLT") -> 2 | AO67: =COUNTIF($F67:$AJ67,"LM") -> 4 | AP67: =COUNTIF($F67:$AJ67,"FaC") -> 0 | AQ67: =COUNTIF($F67:$AJ67,"LxE") -> 0 | AR67: =COUNTIF($F67:$AJ67,"LA") -> 0 | AS67: =SUM(AO67:AR67) -> 4
A68: Contratado | B68: Karschacoff, Nahir | C68: 45926911 | D68: CHIVILCOY 4863 CABA | E68: 11-6983-9835 | F68: P | J68: P | K68: P | L68: P | M68: P | P68: LA | Q68: LA | R68: LA | V68: LLT | W68: P | X68: P | Y68: LLT | AB68: FA | AC68: P | AD68: P | AH68: LLT | AI68: P | AJ68: P | AM68: =IFS(AN68>3,"NO CORRESPONDE FRANCO",AS68>0,"NO CORRESPONDE FRANCO",AS68=0,"") -> NO CORRESPONDE FRANCO | AN68: =COUNTIF($F68:$AJ68,"LLT") -> 3 | AO68: =COUNTIF($F68:$AJ68,"LM") -> 0 | AP68: =COUNTIF($F68:$AJ68,"FaC") -> 0 | AQ68: =COUNTIF($F68:$AJ68,"LxE") -> 0 | AR68: =COUNTIF($F68:$AJ68,"LA") -> 3 | AS68: =SUM(AO68:AR68) -> 3
A69: Contratado | B69: Zorzoli, Florencia | C69: 39625530 | D69: HERNANDARIAS 156- CABA | E69: 11-2469-2542 | F69: P | J69: P | K69: P | L69: P | M69: P | P69: P | Q69: P | R69: P | V69: LLT | W69: FA | X69: P | Y69: P | AB69: LLT | AC69: P | AD69: P | AH69: FA | AI69: P | AJ69: P | AM69: =IFS(AN69>3,"NO CORRESPONDE FRANCO",AS69>0,"NO CORRESPONDE FRANCO",AS69=0,"") | AN69: =COUNTIF($F69:$AJ69,"LLT") -> 2 | AO69: =COUNTIF($F69:$AJ69,"LM") -> 0 | AP69: =COUNTIF($F69:$AJ69,"FaC") -> 0 | AQ69: =COUNTIF($F69:$AJ69,"LxE") -> 0 | AR69: =COUNTIF($F69:$AJ69,"LA") -> 0 | AS69: =SUM(AO69:AR69) -> 0
A70: Contratado | B70: Polidor Maria Eva | C70: 22833741 | D70: Molinedo 3195 - lanus oeste | E70: 11-3010-1308 | F70: P | J70: LLT | K70: P | L70: P | M70: P | P70: P | Q70: P | R70: P | V70: P | W70: P | X70: P | Y70: P | AB70: P | AC70: P | AD70: P | AH70: P | AI70: P | AJ70: P | AM70: =IFS(AN70>3,"NO CORRESPONDE FRANCO",AS70>0,"NO CORRESPONDE FRANCO",AS70=0,"") | AN70: =COUNTIF($F70:$AJ70,"LLT") -> 1 | AO70: =COUNTIF($F70:$AJ70,"LM") -> 0 | AP70: =COUNTIF($F70:$AJ70,"FaC") -> 0 | AQ70: =COUNTIF($F70:$AJ70,"LxE") -> 0 | AR70: =COUNTIF($F70:$AJ70,"LA") -> 0 | AS70: =SUM(AO70:AR70) -> 0
A71: Contratado | B71: Cabrera Karina | C71: 22367119 | D71: Enrique De Vedia 2100 - CABA | E71: 11-6050-1127 | F71: P | J71: P | K71: P | L71: P | M71: P | P71: P | Q71: P | R71: P | V71: P | W71: P | X71: P | Y71: P | AB71: P | AC71: P | AD71: P | AG71: P | AH71: P | AI71: FA | AJ71: P | AK71: 1/09 LA CUBRE CARDOZO | AM71: =IFS(AN71>3,"NO CORRESPONDE FRANCO",AS71>0,"NO CORRESPONDE FRANCO",AS71=0,"") | AN71: =COUNTIF($F71:$AJ71,"LLT") -> 0 | AO71: =COUNTIF($F71:$AJ71,"LM") -> 0 | AP71: =COUNTIF($F71:$AJ71,"FaC") -> 0 | AQ71: =COUNTIF($F71:$AJ71,"LxE") -> 0 | AR71: =COUNTIF($F71:$AJ71,"LA") -> 0 | AS71: =SUM(AO71:AR71) -> 0
A72: Contratado | B72: Greta Rojas | C72: 39344532 | D72: cochabamba 1716 - Avellaneda | E72: 11-4090-5842 | F72: P | H72: P | I72: P | J72: P | K72: P | L72: P | M72: P | P72: P | Q72: P | R72: CG | V72: LA | W72: LA | X72: LA | Y72: LA | Z72: LA | AA72: LA | AB72: LA | AC72: FA | AD72: CG | AH72: LM | AI72: LM | AJ72: P | AM72: =IFS(AN72>3,"NO CORRESPONDE FRANCO",AS72>0,"NO CORRESPONDE FRANCO",AS72=0,"") -> NO CORRESPONDE FRANCO | AN72: =COUNTIF($F72:$AJ72,"LLT") -> 0 | AO72: =COUNTIF($F72:$AJ72,"LM") -> 2 | AP72: =COUNTIF($F72:$AJ72,"FaC") -> 0 | AQ72: =COUNTIF($F72:$AJ72,"LxE") -> 0 | AR72: =COUNTIF($F72:$AJ72,"LA") -> 7 | AS72: =SUM(AO72:AR72) -> 9
A73: Contratado | B73: Cuello Joaquin | C73: 45322664 | D73: Martin Rodriguez 671 - CABA | E73: 11-5652-1340 | F73: P | J73: P | K73: P | L73: P | M73: P | P73: P | Q73: P | R73: P | V73: P | W73: P | X73: P | Y73: P | AB73: FA | AC73: P | AD73: P | AH73: P | AI73: FA | AJ73: P | AM73: =IFS(AN73>3,"NO CORRESPONDE FRANCO",AS73>0,"NO CORRESPONDE FRANCO",AS73=0,"") | AN73: =COUNTIF($F73:$AJ73,"LLT") -> 0 | AO73: =COUNTIF($F73:$AJ73,"LM") -> 0 | AP73: =COUNTIF($F73:$AJ73,"FaC") -> 0 | AQ73: =COUNTIF($F73:$AJ73,"LxE") -> 0 | AR73: =COUNTIF($F73:$AJ73,"LA") -> 0 | AS73: =SUM(AO73:AR73) -> 0
A74: Contratado | B74: Parada, Enzo | C74: 43445489 | D74: Aristobulo del Valle 3226 - Lanus | E74: 1168396444 | F74: GRUPO E TT | J74: P | K74: P | L74: P | M74: P | P74: P | Q74: LLT | R74: FA | V74: LA | W74: LA | X74: LA | Y74: LA | Z74: LA | AA74: LA | AB74: LA | AC74: LLT | AD74: P | AH74: P | AI74: P | AJ74: P | AM74: =IFS(AN74>3,"NO CORRESPONDE FRANCO",AS74>0,"NO CORRESPONDE FRANCO",AS74=0,"") -> NO CORRESPONDE FRANCO | AN74: =COUNTIF($F74:$AJ74,"LLT") -> 2 | AO74: =COUNTIF($F74:$AJ74,"LM") -> 0 | AP74: =COUNTIF($F74:$AJ74,"FaC") -> 0 | AQ74: =COUNTIF($F74:$AJ74,"LxE") -> 0 | AR74: =COUNTIF($F74:$AJ74,"LA") -> 7 | AS74: =SUM(AO74:AR74) -> 7
AM75: =IFS(AN75>3,"NO CORRESPONDE FRANCO",AS75>0,"NO CORRESPONDE FRANCO",AS75=0,"")
A76: GRUPO "F" TM - 06 A 14 HS F | F76: 1 | G76: 2 | H76: 3 | I76: 4 | J76: 5 | K76: 6 | L76: 7 | M76: 8 | N76: 9 | O76: 10 | P76: 11 | Q76: 12 | R76: 13 | S76: 14 | T76: 15 | U76: 16 | V76: 17 | W76: 18 | X76: 19 | Y76: 20 | Z76: 21 | AA76: 22 | AB76: 23 | AC76: 24 | AD76: 25 | AE76: 26 | AF76: 27 | AG76: 28 | AH76: 29 | AI76: 30 | AJ76: 31 | AM76: =IFS(AN76>3,"NO CORRESPONDE FRANCO",AS76>0,"NO CORRESPONDE FRANCO",AS76=0,"")
A77: JERARQUIA | B77: NOMBRE Y APELLIDO | C77: LP/DNI | D77: DOMICILIO | E77: CELULAR | F77: S | G77: D | H77: L | I77: M | J77: M | K77: J | L77: V | M77: S | N77: D | O77: L | P77: M | Q77: M | R77: J | S77: V | T77: S | U77: D | V77: L | W77: M | X77: M | Y77: J | Z77: V | AA77: S | AB77: D | AC77: L | AD77: M | AE77: M | AF77: J | AG77: V | AH77: S | AI77: D | AJ77: L | AM77: =IFS(AN77>3,"NO CORRESPONDE FRANCO",AS77>0,"NO CORRESPONDE FRANCO",AS77=0,"")
A78: Nivel E | B78: Flores, Carlos Alberto | C78: 12177 | F78: A | G78: AUS | K78: AUS | L78: A | M78: A | P78: A | Q78: A | R78: A | S78: A | W78: A | X78: A | AB78: AUS | AC78: AUS | AD78: AUS | AE78: AUS | AI78: A | AJ78: A | AM78: =IFS(AN78>3,"NO CORRESPONDE FRANCO",AS78>0,"NO CORRESPONDE FRANCO",AS78=0,"") | AN78: =COUNTIF($F78:$AJ78,"LLT") -> 0 | AO78: =COUNTIF($F78:$AJ78,"LM") -> 0 | AP78: =COUNTIF($F78:$AJ78,"FaC") -> 0 | AQ78: =COUNTIF($F78:$AJ78,"LxE") -> 0 | AR78: =COUNTIF($F78:$AJ78,"LA") -> 0 | AS78: =SUM(AO78:AR78) -> 0
A79: Contratado | B79: Diogo, Roberto | C79: 18822937 | D79: Av. Nazca 2765 5TO B - CABA | E79: 11-6733-7989 | F79: P | G79: P | K79: P | L79: P | M79: FA | P79: P | Q79: P | R79: P | S79: P | W79: P | X79: P | Y79: P | AB79: P | AC79: P | AD79: P | AE79: P | AI79: FA | AJ79: FA | AM79: =IFS(AN79>3,"NO CORRESPONDE FRANCO",AS79>0,"NO CORRESPONDE FRANCO",AS79=0,"") | AN79: =COUNTIF($F79:$AJ79,"LLT") -> 0 | AO79: =COUNTIF($F79:$AJ79,"LM") -> 0 | AP79: =COUNTIF($F79:$AJ79,"FaC") -> 0 | AQ79: =COUNTIF($F79:$AJ79,"LxE") -> 0 | AR79: =COUNTIF($F79:$AJ79,"LA") -> 0 | AS79: =SUM(AO79:AR79) -> 0
A80: Contratado | B80: Mahlknecht, Flavia Mariana | C80: 22819436 | D80: Terrero 661-CABA | E80: 11-5690-9459 | F80: P | G80: P | K80: P | L80: P | M80: P | P80: P | Q80: P | R80: P | S80: P | U80: P | V80: P | W80: P | X80: CG | Y80: CG | AB80: LA | AC80: LA | AD80: LA | AE80: LA | AF80: LA | AG80: LA | AI80: P | AJ80: P | AM80: =IFS(AN80>3,"NO CORRESPONDE FRANCO",AS80>0,"NO CORRESPONDE FRANCO",AS80=0,"") -> NO CORRESPONDE FRANCO | AN80: =COUNTIF($F80:$AJ80,"LLT") -> 0 | AO80: =COUNTIF($F80:$AJ80,"LM") -> 0 | AP80: =COUNTIF($F80:$AJ80,"FaC") -> 0 | AQ80: =COUNTIF($F80:$AJ80,"LxE") -> 0 | AR80: =COUNTIF($F80:$AJ80,"LA") -> 6 | AS80: =SUM(AO80:AR80) -> 6
A81: Contratado | B81: D angelis,Silvana | C81: 25512003 | D81: Moctezuma 1347 dpto 10 - V. Sarsfield | E81: 11-6008-4761 | F81: P | G81: P | K81: P | L81: P | M81: P | P81: P | Q81: P | R81: P | S81: P | W81: P | X81: P | Y81: P | AB81: P | AC81: P | AD81: P | AE81: P | AI81: FA | AJ81: FA | AM81: =IFS(AN81>3,"NO CORRESPONDE FRANCO",AS81>0,"NO CORRESPONDE FRANCO",AS81=0,"") | AN81: =COUNTIF($F81:$AJ81,"LLT") -> 0 | AO81: =COUNTIF($F81:$AJ81,"LM") -> 0 | AP81: =COUNTIF($F81:$AJ81,"FaC") -> 0 | AQ81: =COUNTIF($F81:$AJ81,"LxE") -> 0 | AR81: =COUNTIF($F81:$AJ81,"LA") -> 0 | AS81: =SUM(AO81:AR81) -> 0
A82: Contratado | B82: Solari Oriana | C82: 37536984 | D82: Corrales Morales 2951-CABA, Villa Soldati | E82: 11-3832-0009 | F82: P | G82: P | K82: LA | L82: LA | M82: LA | N82: LA | O82: LA | P82: LA | Q82: LA | R82: FA | S82: P | W82: P | X82: P | Y82: P | AC82: LM | AD82: LM | AE82: P | AI82: P | AJ82: P | AM82: =IFS(AN82>3,"NO CORRESPONDE FRANCO",AS82>0,"NO CORRESPONDE FRANCO",AS82=0,"") -> NO CORRESPONDE FRANCO | AN82: =COUNTIF($F82:$AJ82,"LLT") -> 0 | AO82: =COUNTIF($F82:$AJ82,"LM") -> 2 | AP82: =COUNTIF($F82:$AJ82,"FaC") -> 0 | AQ82: =COUNTIF($F82:$AJ82,"LxE") -> 0 | AR82: =COUNTIF($F82:$AJ82,"LA") -> 7 | AS82: =SUM(AO82:AR82) -> 9
A83: Contratado | B83: Yañez Vicente Juan Manuel | C83: 39352890 | D83: AV. MARQUEZ 2521 - CABA | E83: 11-6780-7780 | F83: A | G83: P | K83: P | L83: P | M83: P | P83: P | Q83: P | R83: P | S83: P | W83: P | X83: P | Y83: P | AB83: P | AC83: P | AD83: P | AE83: P | AI83: P | AJ83: P | AM83: =IFS(AN83>3,"NO CORRESPONDE FRANCO",AS83>0,"NO CORRESPONDE FRANCO",AS83=0,"") | AN83: =COUNTIF($F83:$AJ83,"LLT") -> 0 | AO83: =COUNTIF($F83:$AJ83,"LM") -> 0 | AP83: =COUNTIF($F83:$AJ83,"FaC") -> 0 | AQ83: =COUNTIF($F83:$AJ83,"LxE") -> 0 | AR83: =COUNTIF($F83:$AJ83,"LA") -> 0 | AS83: =SUM(AO83:AR83) -> 0
A84: Contratado | B84: Baresi Maria Ximena | C84: 25594921 | D84: Av Derqui 4030-Parque Avellaneda | E84: 11-3629-1459 | F84: LM | G84: LM | H84: LM | I84: LM | J84: LM | K84: LM | L84: LM | M84: LM | N84: LM | O84: LM | P84: LM | Q84: LM | R84: LM | S84: LM | T84: LM | U84: LM | V84: LM | W84: LM | Y84: LM | Z84: LM | AA84: LM | AB84: LM | AC84: LM | AD84: LM | AE84: LM | AF84: LM | AG84: LM | AH84: LM | AI84: LM | AJ84: LM | AK84: LM HASTA 2/09 | AM84: =IFS(AN84>3,"NO CORRESPONDE FRANCO",AS84>0,"NO CORRESPONDE FRANCO",AS84=0,"") -> NO CORRESPONDE FRANCO | AN84: =COUNTIF($F84:$AJ84,"LLT") -> 0 | AO84: =COUNTIF($F84:$AJ84,"LM") -> 30 | AP84: =COUNTIF($F84:$AJ84,"FaC") -> 0 | AQ84: =COUNTIF($F84:$AJ84,"LxE") -> 0 | AR84: =COUNTIF($F84:$AJ84,"LA") -> 0 | AS84: =SUM(AO84:AR84) -> 30
A85: Contratado | B85: Vedda Javier | C85: 39761723 | D85: CARACAS 4264 DPTO 3 -CABA | E85: 11-5140-8073 | F85: P | G85: CG | K85: LA | L85: LA | M85: LA | N85: LA | O85: LA | P85: LA | Q85: LA | R85: CG | S85: CG | W85: P | X85: P | Y85: LM | Z85: LM | AB85: LM | AC85: LM | AD85: P | AE85: LLT | AF85: AUS | AI85: LM | AJ85: LM | AM85: =IFS(AN85>3,"NO CORRESPONDE FRANCO",AS85>0,"NO CORRESPONDE FRANCO",AS85=0,"") -> NO CORRESPONDE FRANCO | AN85: =COUNTIF($F85:$AJ85,"LLT") -> 1 | AO85: =COUNTIF($F85:$AJ85,"LM") -> 6 | AP85: =COUNTIF($F85:$AJ85,"FaC") -> 0 | AQ85: =COUNTIF($F85:$AJ85,"LxE") -> 0 | AR85: =COUNTIF($F85:$AJ85,"LA") -> 7 | AS85: =SUM(AO85:AR85) -> 13
A86: Contratado | B86: Fontana Andrea Carolina | C86: 23643860 | D86: BONIFACINI 4778 5D- CASEROS | E86: 11-5624-5146 | F86: P | G86: P | K86: P | L86: P | M86: P | P86: FA | Q86: P | R86: P | S86: P | W86: P | X86: P | Y86: FA | AB86: P | AC86: P | AD86: P | AE86: P | AI86: P | AJ86: P | AM86: =IFS(AN86>3,"NO CORRESPONDE FRANCO",AS86>0,"NO CORRESPONDE FRANCO",AS86=0,"") | AN86: =COUNTIF($F86:$AJ86,"LLT") -> 0 | AO86: =COUNTIF($F86:$AJ86,"LM") -> 0 | AP86: =COUNTIF($F86:$AJ86,"FaC") -> 0 | AQ86: =COUNTIF($F86:$AJ86,"LxE") -> 0 | AR86: =COUNTIF($F86:$AJ86,"LA") -> 0 | AS86: =SUM(AO86:AR86) -> 0
A87: Contratado | B87: Escarlon Ocampo, Micaela Ayelen | C87: 42192687 | D87: Av. Fernandez de la Cruz 1279- Nueva Pompeya | E87: 11-6260-8768 | F87: LLT | G87: CG | I87: LLT | K87: P | L87: LM | M87: CG | P87: LLT | Q87: LLT | R87: LLT | S87: LLT | W87: P | Y87: LM | AB87: P | AC87: LLT | AE87: P | AH87: P | AI87: P | AJ87: LLT | AM87: =IFS(AN87>3,"NO CORRESPONDE FRANCO",AS87>0,"NO CORRESPONDE FRANCO",AS87=0,"") -> NO CORRESPONDE FRANCO | AN87: =COUNTIF($F87:$AJ87,"LLT") -> 8 | AO87: =COUNTIF($F87:$AJ87,"LM") -> 2 | AP87: =COUNTIF($F87:$AJ87,"FaC") -> 0 | AQ87: =COUNTIF($F87:$AJ87,"LxE") -> 0 | AR87: =COUNTIF($F87:$AJ87,"LA") -> 0 | AS87: =SUM(AO87:AR87) -> 2
A88: Contratado | B88: Ciuffo Lorenzo | C88: 48717137 | D88: Mexico 3910 - Almagro (CABA) | E88: 11-6611-6448 | K88: P | L88: LLT | O88: P | P88: P | Q88: P | S88: P | V88: p | W88: P | X88: p | Y88: P | AC88: P | AD88: P | AI88: FA | AJ88: P | AM88: =IFS(AN88>3,"NO CORRESPONDE FRANCO",AS88>0,"NO CORRESPONDE FRANCO",AS88=0,"")
A89: Contratado | B89: Di Cio Lola | C89: 45481514 | D89: Acoyte 280- CABA | E89: 11-6160-6012 | V89: p | W89: P | X89: p | AC89: P | AD89: P | AI89: FA | AJ89: P | AM89: =IFS(AN89>3,"NO CORRESPONDE FRANCO",AS89>0,"NO CORRESPONDE FRANCO",AS89=0,"")
A90: Contratado | B90: Vera Leyla | C90: 44595844 | D90: Quintino Bocayuva 653- CABA | E90: 11-2788-8821 | V90: p | W90: P | X90: p | Y90: P | AC90: P | AD90: P | AI90: FA | AJ90: P | AM90: =IFS(AN90>3,"NO CORRESPONDE FRANCO",AS90>0,"NO CORRESPONDE FRANCO",AS90=0,"")
AM91: =IFS(AN91>3,"NO CORRESPONDE FRANCO",AS91>0,"NO CORRESPONDE FRANCO",AS91=0,"")
A92: LUNES A VIERNES DE 07 A 14 HS | F92: 1 | G92: 2 | H92: 3 | I92: 4 | J92: 5 | K92: 6 | L92: 7 | M92: 8 | N92: 9 | O92: 10 | P92: 11 | Q92: 12 | R92: 13 | S92: 14 | T92: 15 | U92: 16 | V92: 17 | W92: 18 | X92: 19 | Y92: 20 | Z92: 21 | AA92: 22 | AB92: 23 | AC92: 24 | AD92: 25 | AE92: 26 | AF92: 27 | AG92: 28 | AH92: 29 | AI92: 30 | AJ92: 31 | AM92: =IFS(AN92>3,"NO CORRESPONDE FRANCO",AS92>0,"NO CORRESPONDE FRANCO",AS92=0,"")
A93: JERARQUIA | B93: NOMBRE Y APELLIDO | C93: LP/DNI | D93: DOMICILIO | E93: CELULAR | F93: S | G93: D | H93: L | I93: M | J93: M | K93: J | L93: V | M93: S | N93: D | O93: L | P93: M | Q93: M | R93: J | S93: V | T93: S | U93: D | V93: L | W93: M | X93: M | Y93: J | Z93: V | AA93: S | AB93: D | AC93: L | AD93: M | AE93: M | AF93: J | AG93: V | AH93: S | AI93: D | AJ93: L | AM93: =IFS(AN93>3,"NO CORRESPONDE FRANCO",AS93>0,"NO CORRESPONDE FRANCO",AS93=0,"")
A94: Nivel J | B94: Guaglianone, Matías | C94: 13956 | D94: FRANCISCO MADERO 1573 - CIUDADELA | E94: 11-3779-9417 | H94: P | I94: P | J94: P | K94: P | L94: P | O94: P | P94: P | Q94: P | R94: P | S94: LLT | V94: FA | W94: P | X94: P | Y94: P | Z94: P | AD94: P | AE94: P | AF94: P | AG94: P | AJ94: LLT | AM94: =IFS(AN94>3,"NO CORRESPONDE FRANCO",AS94>0,"NO CORRESPONDE FRANCO",AS94=0,"") | AN94: =COUNTIF($F94:$AJ94,"LLT") -> 2 | AO94: =COUNTIF($F94:$AJ94,"LM") -> 0 | AP94: =COUNTIF($F94:$AJ94,"FaC") -> 0 | AQ94: =COUNTIF($F94:$AJ94,"LxE") -> 0 | AR94: =COUNTIF($F94:$AJ94,"LA") -> 0 | AS94: =SUM(AO94:AR94) -> 0
AM95: =IFS(AN95>3,"NO CORRESPONDE FRANCO",AS95>0,"NO CORRESPONDE FRANCO",AS95=0,"")
A96: LUNES A VIERNES DE 07 A TERMINAR (FERIADOS NO) | F96: 1 | G96: 2 | H96: 3 | I96: 4 | J96: 5 | K96: 6 | L96: 7 | M96: 8 | N96: 9 | O96: 10 | P96: 11 | Q96: 12 | R96: 13 | S96: 14 | T96: 15 | U96: 16 | V96: 17 | W96: 18 | X96: 19 | Y96: 20 | Z96: 21 | AA96: 22 | AB96: 23 | AC96: 24 | AD96: 25 | AE96: 26 | AF96: 27 | AG96: 28 | AH96: 29 | AI96: 30 | AJ96: 31 | AM96: =IFS(AN96>3,"NO CORRESPONDE FRANCO",AS96>0,"NO CORRESPONDE FRANCO",AS96=0,"")
A97: JERARQUIA | B97: NOMBRE Y APELLIDO | C97: LP/DNI | D97: DOMICILIO | E97: CELULAR | F97: S | G97: D | H97: L | I97: M | J97: M | K97: J | L97: V | M97: S | N97: D | O97: L | P97: M | Q97: M | R97: J | S97: V | T97: S | U97: D | V97: L | W97: M | X97: M | Y97: J | Z97: V | AA97: S | AB97: D | AC97: L | AD97: M | AE97: M | AF97: J | AG97: V | AH97: S | AI97: D | AJ97: L | AM97: =IFS(AN97>3,"NO CORRESPONDE FRANCO",AS97>0,"NO CORRESPONDE FRANCO",AS97=0,"")
A98: Nivel I | B98: Chavez, Hernan | C98: 12451 | D98: DON BOSCO 645- TEMPERLEY | E98: 11-6980-2870 | H98: LLT | I98: LLT | J98: P | K98: LLT | L98: LLT | O98: LLT | P98: LLT | Q98: LLT | R98: P | S98: LLT | V98: FA | W98: P | X98: LLT | Y98: LM | Z98: LM | AC98: LLT | AD98: P | AE98: LLT | AF98: LLT | AG98: LLT | AJ98: LLT | AM98: =IFS(AN98>3,"NO CORRESPONDE FRANCO",AS98>0,"NO CORRESPONDE FRANCO",AS98=0,"") -> NO CORRESPONDE FRANCO | AN98: =COUNTIF($F98:$AJ98,"LLT") -> 12 | AO98: =COUNTIF($F98:$AJ98,"LM") -> 2 | AP98: =COUNTIF($F98:$AJ98,"FaC") -> 0 | AQ98: =COUNTIF($F98:$AJ98,"LxE") -> 0 | AR98: =COUNTIF($F98:$AJ98,"LA") -> 0 | AS98: =SUM(AO98:AR98) -> 2
AM99: =IFS(AN99>3,"NO CORRESPONDE FRANCO",AS99>0,"NO CORRESPONDE FRANCO",AS99=0,"")
AM100: =IFS(AN100>3,"NO CORRESPONDE FRANCO",AS100>0,"NO CORRESPONDE FRANCO",AS100=0,"")
AM101: =IFS(AN101>3,"NO CORRESPONDE FRANCO",AS101>0,"NO CORRESPONDE FRANCO",AS101=0,"")
...

Sheet TURNO TARDE DE 14 A 22 HS
F1: 1 | G1: 2 | H1: 3 | I1: 4 | J1: 5 | K1: 6 | L1: 7 | M1: 8 | N1: 9 | O1: 10 | P1: 11 | Q1: 12 | R1: 13 | S1: 14 | T1: 15 | U1: 16 | V1: 17 | W1: 18 | X1: 19 | Y1: 20 | Z1: 21 | AA1: 22 | AB1: 23 | AC1: 24 | AD1: 25 | AE1: 26 | AF1: 27 | AG1: 28 | AH1: 29 | AI1: 30 | AJ1: 31
A2: JERARQUIA | B2: NOMBRE Y APELLIDO | C2: LP/DNI | D2: DOMICILIO | E2: CELULAR | F2: S | G2: D | H2: L | I2: M | J2: M | K2: J | L2: V | M2: S | N2: D | O2: L | P2: M | Q2: M | R2: J | S2: V | T2: S | U2: D | V2: L | W2: M | X2: M | Y2: J | Z2: V | AA2: S | AB2: D | AC2: L | AD2: M | AE2: M | AF2: J | AG2: V | AH2: S | AI2: D | AJ2: L | AM2: Observaciones | AN2: LLT | AO2: LM | AP2: FAC | AQ2: LXE | AR2: LA
A3: Nivel J | B3: Isleño, Lucas | C3: 11675 | D3: NOGOYA 3257 – CABA | E3: 11-3481-4983 | G3: P | H3: P | L3: P | N3: P | O3: P | R3: P | S3: P | Y3: P | Z3: P | AD3: P | AJ3: P | AK3: No presta servicio los dias Miercoles y sabados | AM3: =IFS(AN3>3,"NO CORRESPONDE FRANCO",AS3>0,"NO CORRESPONDE FRANCO",AS3=0,"") | AN3: =COUNTIF($F3:$AJ3,"LLT") -> 0 | AO3: =COUNTIF($F3:$AJ3,"LM") -> 0 | AP3: =COUNTIF($F3:$AJ3,"FaC") -> 0 | AQ3: =COUNTIF($F3:$AJ3,"LxE") -> 0 | AR3: =COUNTIF($F3:$AJ3,"LA") -> 0 | AS3: =SUM(AO3:AR3) -> 0
A4: Contratado | B4: Pérez, Matías Fabián | C4: 44868083 | D4: MAGALLANES 817, REMEDIOS DE ESCALADA | E4: 11-4492-7278 | F4: P | G4: P | H4: P | L4: P | M4: LLT | N4: P | O4: FA | R4: P | S4: LLT | T4: P | X4: P | Y4: LLT | Z4: LLT | AA4: P | AD4: P | AE4: P | AF4: P | AJ4: P | AM4: =IFS(AN4>3,"NO CORRESPONDE FRANCO",AS4>0,"NO CORRESPONDE FRANCO",AS4=0,"") -> NO CORRESPONDE FRANCO | AN4: =COUNTIF($F4:$AJ4,"LLT") -> 4 | AO4: =COUNTIF($F4:$AJ4,"LM") -> 0 | AP4: =COUNTIF($F4:$AJ4,"FaC") -> 0 | AQ4: =COUNTIF($F4:$AJ4,"LxE") -> 0 | AR4: =COUNTIF($F4:$AJ4,"LA") -> 0 | AS4: =SUM(AO4:AR4) -> 0
A5: ContratadO | B5: Canaglia Carreira, Patricia | C5: 28460124 | D5: Zapiola 2457 - Castelar | E5: 11-3158-9949 | F5: P | G5: P | H5: P | L5: P | M5: P | N5: P | O5: FA | R5: P | S5: P | T5: P | Y5: P | Z5: LM | AA5: LM | AD5: LM | AE5: LM | AF5: LM | AJ5: P | AM5: =IFS(AN5>3,"NO CORRESPONDE FRANCO",AS5>0,"NO CORRESPONDE FRANCO",AS5=0,"") -> NO CORRESPONDE FRANCO | AN5: =COUNTIF($F5:$AJ5,"LLT") -> 0 | AO5: =COUNTIF($F5:$AJ5,"LM") -> 5 | AP5: =COUNTIF($F5:$AJ5,"FaC") -> 0 | AQ5: =COUNTIF($F5:$AJ5,"LxE") -> 0 | AR5: =COUNTIF($F5:$AJ5,"LA") -> 0 | AS5: =SUM(AO5:AR5) -> 5
A6: Contratado | B6: Frias, Silvia Gabriela | C6: 25980677 | D6: Beruti 2190-Merlo | E6: 2204716048 | F6: P | G6: P | H6: LLT | L6: LLT | M6: P | N6: LLT | O6: LLT | R6: P | S6: P | T6: P | X6: P | Y6: P | Z6: P | AA6: P | AD6: P | AE6: P | AF6: P | AJ6: P | AM6: =IFS(AN6>3,"NO CORRESPONDE FRANCO",AS6>0,"NO CORRESPONDE FRANCO",AS6=0,"") -> NO CORRESPONDE FRANCO | AN6: =COUNTIF($F6:$AJ6,"LLT") -> 4 | AO6: =COUNTIF($F6:$AJ6,"LM") -> 0 | AP6: =COUNTIF($F6:$AJ6,"FaC") -> 0 | AQ6: =COUNTIF($F6:$AJ6,"LxE") -> 0 | AR6: =COUNTIF($F6:$AJ6,"LA") -> 0 | AS6: =SUM(AO6:AR6) -> 0
A7: Contratado | B7: Gomez Santiago | C7: 45012085 | D7: Asamblea 1727- P.CHACABUCO- CABA | E7: 11-2164-4882 | F7: LLT | G7: P | H7: LLT | L7: LLT | M7: LLT | N7: LLT | O7: LLT | R7: LLT | S7: LLT | T7: LLT | X7: LLT | Y7: LM | Z7: LLT | AA7: LLT | AD7: LLT | AE7: LLT | AF7: LLT | AJ7: P | AM7: =IFS(AN7>3,"NO CORRESPONDE FRANCO",AS7>0,"NO CORRESPONDE FRANCO",AS7=0,"") -> NO CORRESPONDE FRANCO | AN7: =COUNTIF($F7:$AJ7,"LLT") -> 15 | AO7: =COUNTIF($F7:$AJ7,"LM") -> 1 | AP7: =COUNTIF($F7:$AJ7,"FaC") -> 0 | AQ7: =COUNTIF($F7:$AJ7,"LxE") -> 0 | AR7: =COUNTIF($F7:$AJ7,"LA") -> 0 | AS7: =SUM(AO7:AR7) -> 1
A8: Contratado | B8: Farias, Nahuel | C8: 44884266 | D8: Angel Gallardo 3880 - Jose C Paz | E8: 11-2358-7333 | F8: P | G8: P | H8: LLT | L8: P | M8: CG | N8: LLT | O8: P | Q8: P | R8: P | S8: P | T8: P | V8: P | X8: P | Y8: LLT | Z8: P | AD8: P | AE8: P | AF8: LLT | AJ8: CG | AM8: =IFS(AN8>3,"NO CORRESPONDE FRANCO",AS8>0,"NO CORRESPONDE FRANCO",AS8=0,"") -> NO CORRESPONDE FRANCO | AN8: =COUNTIF($F8:$AJ8,"LLT") -> 4 | AO8: =COUNTIF($F8:$AJ8,"LM") -> 0 | AP8: =COUNTIF($F8:$AJ8,"FaC") -> 0 | AQ8: =COUNTIF($F8:$AJ8,"LxE") -> 0 | AR8: =COUNTIF($F8:$AJ8,"LA") -> 0 | AS8: =SUM(AO8:AR8) -> 0
A9: Contratado | B9: Caceres, Antonela | C9: 34999122 | D9: COSQUIN 2452 - CABA | E9: 11-3159-9509 | F9: P | G9: P | H9: P | L9: LLT | M9: P | N9: P | O9: P | R9: P | S9: LLT | T9: P | X9: FA | Y9: LLT | Z9: P | AA9: P | AD9: P | AE9: P | AF9: P | AJ9: P | AM9: =IFS(AN9>3,"NO CORRESPONDE FRANCO",AS9>0,"NO CORRESPONDE FRANCO",AS9=0,"") | AN9: =COUNTIF($F9:$AJ9,"LLT") -> 3 | AO9: =COUNTIF($F9:$AJ9,"LM") -> 0 | AP9: =COUNTIF($F9:$AJ9,"FaC") -> 0 | AQ9: =COUNTIF($F9:$AJ9,"LxE") -> 0 | AR9: =COUNTIF($F9:$AJ9,"LA") -> 0 | AS9: =SUM(AO9:AR9) -> 0
A10: Contratado | B10: Ferreira Erik Nehuen | C10: 46201746 | D10: Agustin Magaldi 3555 - Hurlingam | E10: 11-7063-3014 | F10: LLT | G10: P | H10: P | L10: LA | M10: LA | N10: LA | O10: LA | P10: LA | Q10: LA | R10: LA | S10: FA | T10: CG | X10: LLT | Y10: P | Z10: P | AA10: P | AD10: P | AE10: P | AF10: LLT | AJ10: P | AM10: =IFS(AN10>3,"NO CORRESPONDE FRANCO",AS10>0,"NO CORRESPONDE FRANCO",AS10=0,"") -> NO CORRESPONDE FRANCO | AN10: =COUNTIF($F10:$AJ10,"LLT") -> 3 | AO10: =COUNTIF($F10:$AJ10,"LM") -> 0 | AP10: =COUNTIF($F10:$AJ10,"FaC") -> 0 | AQ10: =COUNTIF($F10:$AJ10,"LxE") -> 0 | AR10: =COUNTIF($F10:$AJ10,"LA") -> 7 | AS10: =SUM(AO10:AR10) -> 7
A11: Contratado | B11: Rejala Efrain Juan Carlos | C11: 44101107 | D11: Calle 888 Altura 2016- Solano | E11: 11-76154808 | F11: LA | G11: LA | H11: P | L11: P | M11: P | N11: P | O11: P | R11: P | S11: P | T11: P | X11: P | Y11: LLT | Z11: P | AA11: LLT | AD11: CG | AE11: P | AF11: LLT | AH11: LLT | AJ11: P | AM11: =IFS(AN11>3,"NO CORRESPONDE FRANCO",AS11>0,"NO CORRESPONDE FRANCO",AS11=0,"") -> NO CORRESPONDE FRANCO | AN11: =COUNTIF($F11:$AJ11,"LLT") -> 4 | AO11: =COUNTIF($F11:$AJ11,"LM") -> 0 | AP11: =COUNTIF($F11:$AJ11,"FaC") -> 0 | AQ11: =COUNTIF($F11:$AJ11,"LxE") -> 0 | AR11: =COUNTIF($F11:$AJ11,"LA") -> 2 | AS11: =SUM(AO11:AR11) -> 2
A12: Contratado | B12: Gauna Sebastian Rodrigo | C12: 44052040 | D12: Pablo Podesta 450 - Temperley | E12: 11-5332-5279 | F12: LLT | G12: P | H12: P | L12: P | M12: LLT | N12: P | O12: LM | R12: LM | S12: LM | T12: P | X12: LLT | Y12: LLT | Z12: P | AA12: LLT | AD12: LLT | AE12: LLT | AF12: LM | AJ12: p | AK12: =VLOOKUP(AJ12,DATOS!$A:$B,2,0) -> #REF! | AM12: =IFS(AN12>3,"NO CORRESPONDE FRANCO",AS12>0,"NO CORRESPONDE FRANCO",AS12=0,"") -> NO CORRESPONDE FRANCO | AN12: =COUNTIF($F12:$AJ12,"LLT") -> 7 | AO12: =COUNTIF($F12:$AJ12,"LM") -> 4 | AP12: =COUNTIF($F12:$AJ12,"FaC") -> 0 | AQ12: =COUNTIF($F12:$AJ12,"LxE") -> 0 | AR12: =COUNTIF($F12:$AJ12,"LA") -> 0 | AS12: =SUM(AO12:AR12) -> 4
A13: Contratado | B13: Obispo, Valeria Soledad | C13: 32359059 | D13: Juncal 2514, 8º Porteria- Recoleta- CABA | E13: 11-3569-6039 | F13: P | G13: P | H13: P | L13: P | M13: P | N13: P | O13: P | R13: P | S13: P | T13: CG | U13: P | X13: LLT | Y13: P | Z13: LA | AA13: LA | AD13: FA | AE13: P | AF13: P | AJ13: P | AM13: =IFS(AN13>3,"NO CORRESPONDE FRANCO",AS13>0,"NO CORRESPONDE FRANCO",AS13=0,"") -> NO CORRESPONDE FRANCO | AN13: =COUNTIF($F13:$AJ13,"LLT") -> 1 | AO13: =COUNTIF($F13:$AJ13,"LM") -> 0 | AP13: =COUNTIF($F13:$AJ13,"FaC") -> 0 | AQ13: =COUNTIF($F13:$AJ13,"LxE") -> 0 | AR13: =COUNTIF($F13:$AJ13,"LA") -> 2 | AS13: =SUM(AO13:AR13) -> 2
A14: Contratado | B14: Leon Florencia | C14: 37019337 | D14: Carlos Perette 530 - CABA | E14: 11-6185-8434 | F14: LLT | G14: P | H14: P | L14: P | M14: P | N14: P | O14: P | R14: P | S14: P | T14: P | X14: P | Y14: P | Z14: P | AA14: FA | AD14: P | AE14: P | AF14: P | AJ14: P | AM14: =IFS(AN14>3,"NO CORRESPONDE FRANCO",AS14>0,"NO CORRESPONDE FRANCO",AS14=0,"") | AN14: =COUNTIF($F14:$AJ14,"LLT") -> 1 | AO14: =COUNTIF($F14:$AJ14,"LM") -> 0 | AP14: =COUNTIF($F14:$AJ14,"FaC") -> 0 | AQ14: =COUNTIF($F14:$AJ14,"LxE") -> 0 | AR14: =COUNTIF($F14:$AJ14,"LA") -> 0 | AS14: =SUM(AO14:AR14) -> 0
A16: GRUPO "B" TT - 14 A 22 HS | F16: 1 | G16: 2 | H16: 3 | I16: 4 | J16: 5 | K16: 6 | L16: 7 | M16: 8 | N16: 9 | O16: 10 | P16: 11 | Q16: 12 | R16: 13 | S16: 14 | T16: 15 | U16: 16 | V16: 17 | W16: 18 | X16: 19 | Y16: 20 | Z16: 21 | AA16: 22 | AB16: 23 | AC16: 24 | AD16: 25 | AE16: 26 | AF16: 27 | AG16: 28 | AH16: 29 | AI16: 30 | AJ16: 31
A17: JERARQUIA | B17: NOMBRE Y APELLIDO | C17: LP/DNI | D17: DOMICILIO | E17: CELULAR | F17: S | G17: D | H17: L | I17: M | J17: M | K17: J | L17: V | M17: S | N17: D | O17: L | P17: M | Q17: M | R17: J | S17: V | T17: S | U17: D | V17: L | W17: M | X17: M | Y17: J | Z17: V | AA17: S | AB17: D | AC17: L | AD17: M | AE17: M | AF17: J | AG17: V | AH17: S | AI17: D | AJ17: L
A18: Contratado | B18: Gonzalez, Monica | C18: 18224482 | D18: Fonrouge 44 Piso 1 Dpto 4 - Liniers | E18: 11-6192-2899 | F18: P | G18: P | H18: P | I18: P | J18: P | M18: P | N18: P | O18: P | R18: P | S18: P | T18: P | U18: P | Y18: P | Z18: P | AA18: P | AB18: P | AD18: P | AE18: P | AF18: P | AG18: CG | AM18: =IFS(AN18>3,"NO CORRESPONDE FRANCO",AS18>0,"NO CORRESPONDE FRANCO",AS18=0,"") | AN18: =COUNTIF($F18:$AJ18,"LLT") -> 0 | AO18: =COUNTIF($F18:$AJ18,"LM") -> 0 | AP18: =COUNTIF($F18:$AJ18,"FaC") -> 0 | AQ18: =COUNTIF($F18:$AJ18,"LxE") -> 0 | AR18: =COUNTIF($F18:$AJ18,"LA") -> 0 | AS18: =SUM(AO18:AR18) -> 0
A19: Contratado | B19: Sanchez, Iona Victoria | C19: 46994265 | D19: Oyuela 1500 - Avellaneda | E19: 11-5895-8516 | F19: LLT | G19: LLT | H19: LLT | I19: LLT | M19: P | N19: LLT | O19: LLT | R19: LLT | S19: LLT | U19: P | Y19: LM | Z19: LM | AA19: LLT | AD19: LLT | AE19: P | AG19: LLT | AM19: =IFS(AN19>3,"NO CORRESPONDE FRANCO",AS19>0,"NO CORRESPONDE FRANCO",AS19=0,"") -> NO CORRESPONDE FRANCO | AN19: =COUNTIF($F19:$AJ19,"LLT") -> 11 | AO19: =COUNTIF($F19:$AJ19,"LM") -> 2 | AP19: =COUNTIF($F19:$AJ19,"FaC") -> 0 | AQ19: =COUNTIF($F19:$AJ19,"LxE") -> 0 | AR19: =COUNTIF($F19:$AJ19,"LA") -> 0 | AS19: =SUM(AO19:AR19) -> 2
A20: Contratado | B20: Torrez Hurtado, Nayra | C20: 46438246 | D20: Av. La Plata 1781 - CABA | E20: 11-5703-5949 | F20: LLT | G20: LLT | H20: LLT | I20: LLT | K20: PASA AL GRUPO 1 12*36 | AM20: =IFS(AN20>3,"NO CORRESPONDE FRANCO",AS20>0,"NO CORRESPONDE FRANCO",AS20=0,"") | AN20: =COUNTIF($F20:$AJ20,"LLT") -> 3 | AO20: =COUNTIF($F20:$AJ20,"LM") -> 0 | AP20: =COUNTIF($F20:$AJ20,"FaC") -> 0 | AQ20: =COUNTIF($F20:$AJ20,"LxE") -> 0 | AR20: =COUNTIF($F20:$AJ20,"LA") -> 0 | AS20: =SUM(AO20:AR20) -> 0
A21: Contratado | B21: Pintado, Santiago | C21: 43404637 | D21: Castro Barros 10 | E21: 11-3161-2269 | F21: P | G21: P | H21: P | I21: P | M21: P | N21: P | O21: P | R21: P | S21: P | T21: P | U21: FA | Y21: P | Z21: P | AA21: P | AD21: P | AE21: P | AF21: P | AG21: FA | AM21: =IFS(AN21>3,"NO CORRESPONDE FRANCO",AS21>0,"NO CORRESPONDE FRANCO",AS21=0,"") | AN21: =COUNTIF($F21:$AJ21,"LLT") -> 0 | AO21: =COUNTIF($F21:$AJ21,"LM") -> 0 | AP21: =COUNTIF($F21:$AJ21,"FaC") -> 0 | AQ21: =COUNTIF($F21:$AJ21,"LxE") -> 0 | AR21: =COUNTIF($F21:$AJ21,"LA") -> 0 | AS21: =SUM(AO21:AR21) -> 0
A22: Contratado | B22: Castillo, Gisell | C22: 36405101 | D22: AV. RAMON CASTILLO 1500 - CABA | E22: 11-2720-6641 | F22: LLT | G22: LLT | H22: P | I22: P | M22: P | N22: FA | O22: P | R22: P | S22: LLT | T22: P | U22: P | Y22: P | Z22: P | AA22: P | AD22: P | AE22: P | AF22: P | AG22: LLT | AM22: =IFS(AN22>3,"NO CORRESPONDE FRANCO",AS22>0,"NO CORRESPONDE FRANCO",AS22=0,"") -> NO CORRESPONDE FRANCO | AN22: =COUNTIF($F22:$AJ22,"LLT") -> 4 | AO22: =COUNTIF($F22:$AJ22,"LM") -> 0 | AP22: =COUNTIF($F22:$AJ22,"FaC") -> 0 | AQ22: =COUNTIF($F22:$AJ22,"LxE") -> 0 | AR22: =COUNTIF($F22:$AJ22,"LA") -> 0 | AS22: =SUM(AO22:AR22) -> 0
A23: Contratado | B23: De Sarro Malena | C23: 44484026 | D23: Marco Avellaneda 1356 - Remios de Escalada Lanus | E23: 11-6449-9599 | F23: P | G23: P | H23: P | I23: P | L23: LA | M23: LA | N23: LA | O23: LA | P23: LA | Q23: LA | R23: LA | S23: P | T23: P | U23: P | Y23: P | Z23: P | AA23: FA | AD23: P | AE23: P | AF23: P | AG23: P | AM23: =IFS(AN23>3,"NO CORRESPONDE FRANCO",AS23>0,"NO CORRESPONDE FRANCO",AS23=0,"") -> NO CORRESPONDE FRANCO | AN23: =COUNTIF($F23:$AJ23,"LLT") -> 0 | AO23: =COUNTIF($F23:$AJ23,"LM") -> 0 | AP23: =COUNTIF($F23:$AJ23,"FaC") -> 0 | AQ23: =COUNTIF($F23:$AJ23,"LxE") -> 0 | AR23: =COUNTIF($F23:$AJ23,"LA") -> 7 | AS23: =SUM(AO23:AR23) -> 7
A24: Contratado | B24: Yaskulowski. Silvia Daniela | C24: 25413482 | D24: Villegas 81-el palomar | E24: 11-2450-1351 | F24: P | G24: P | H24: P | I24: P | L24: P | M24: P | N24: P | O24: P | R24: P | S24: P | T24: CG | U24: FA | Y24: P | Z24: P | AA24: P | AD24: LA | AE24: LA | AF24: LA | AG24: LA | AH24: LA | AI24: LA
A25: Contratado | B25: Gonzalez Michel, Martina Gala | C25: 36359202 | D25: Pedernera 494 Flores CABA | E25: 11-3705-5122 | F25: P | G25: P | H25: P | I25: LLT | M25: LLT | N25: LLT | O25: LLT | R25: LLT | S25: P | T25: LLT | U25: LLT | Y25: LLT | Z25: LLT | AA25: LLT | AD25: LLT | AE25: LLT | AF25: LLT | AG25: LLT | AI25: P | AM25: =IFS(AN25>3,"NO CORRESPONDE FRANCO",AS25>0,"NO CORRESPONDE FRANCO",AS25=0,"") -> NO CORRESPONDE FRANCO | AN25: =COUNTIF($F25:$AJ25,"LLT") -> 14 | AO25: =COUNTIF($F25:$AJ25,"LM") -> 0 | AP25: =COUNTIF($F25:$AJ25,"FaC") -> 0 | AQ25: =COUNTIF($F25:$AJ25,"LxE") -> 0 | AR25: =COUNTIF($F25:$AJ25,"LA") -> 0 | AS25: =SUM(AO25:AR25) -> 0
A26: Contratado | B26: Romero, Karina Giselle | C26: 39416059 | D26: Gualeguaychu 1830 - PSIO 7 DTO A - MONTE CASTRO | E26: 11-6453-1164 | F26: LLT | G26: P | H26: P | I26: P | M26: P | N26: LLT | O26: P | R26: LLT | S26: P | T26: P | U26: P | Y26: P | Z26: P | AA26: CG | AD26: P | AE26: P | AF26: P | AG26: P | AH26: LM | AM26: =IFS(AN26>3,"NO CORRESPONDE FRANCO",AS26>0,"NO CORRESPONDE FRANCO",AS26=0,"") -> NO CORRESPONDE FRANCO | AN26: =COUNTIF($F26:$AJ26,"LLT") -> 3 | AO26: =COUNTIF($F26:$AJ26,"LM") -> 1 | AP26: =COUNTIF($F26:$AJ26,"FaC") -> 0 | AQ26: =COUNTIF($F26:$AJ26,"LxE") -> 0 | AR26: =COUNTIF($F26:$AJ26,"LA") -> 0 | AS26: =SUM(AO26:AR26) -> 1
A27: Contratado | B27: Cordoba Romina | C27: 33669832 | D27: Sanchez 2227 PH 3- CABA | E27: 11-4938-6278 | F27: P | G27: P | H27: P | I27: P | M27: P | N27: P | O27: P | R27: FA | S27: P | T27: P | U27: P | Y27: P | Z27: P | AA27: P | AD27: P | AE27: P | AF27: P | AG27: P | AM27: =IFS(AN27>3,"NO CORRESPONDE FRANCO",AS27>0,"NO CORRESPONDE FRANCO",AS27=0,"") | AN27: =COUNTIF($F27:$AJ27,"LLT") -> 0 | AO27: =COUNTIF($F27:$AJ27,"LM") -> 0 | AP27: =COUNTIF($F27:$AJ27,"FaC") -> 0 | AQ27: =COUNTIF($F27:$AJ27,"LxE") -> 0 | AR27: =COUNTIF($F27:$AJ27,"LA") -> 0 | AS27: =SUM(AO27:AR27) -> 0
A28: Contratado | B28: Condori Leonel | C28: 46991061 | D28: Av 25 de Mayo 3124-Lanus Oeste | E28: 11-22793480 | F28: P | G28: P | H28: P | I28: P | K28: P | M28: P | N28: P | O28: P | R28: P | S28: P | T28: P | U28: P | W28: LA | X28: LA | Y28: LA | Z28: LA | AA28: LA | AB28: LA | AD28: FA | AE28: FA | AF28: CG | AG28: P | AM28: =IFS(AN28>3,"NO CORRESPONDE FRANCO",AS28>0,"NO CORRESPONDE FRANCO",AS28=0,"") -> NO CORRESPONDE FRANCO | AN28: =COUNTIF($F28:$AJ28,"LLT") -> 0 | AO28: =COUNTIF($F28:$AJ28,"LM") -> 0 | AP28: =COUNTIF($F28:$AJ28,"FaC") -> 0 | AQ28: =COUNTIF($F28:$AJ28,"LxE") -> 0 | AR28: =COUNTIF($F28:$AJ28,"LA") -> 6 | AS28: =SUM(AO28:AR28) -> 6
A29: Contratado | B29: Franco Laura | C29: 26786100 | D29: Alberti 1829 Planta Baja Dto. B - Parque Patricios | E29: 11-5490-2874 | W29: P | Y29: P | Z29: p | AE29: P | AF29: P | AG29: P
A30: GRUPO "C" TT - 14 A 22 HS | F30: 1 | G30: 2 | H30: 3 | I30: 4 | J30: 5 | K30: 6 | L30: 7 | M30: 8 | N30: 9 | O30: 10 | P30: 11 | Q30: 12 | R30: 13 | S30: 14 | T30: 15 | U30: 16 | V30: 17 | W30: 18 | X30: 19 | Y30: 20 | Z30: 21 | AA30: 22 | AB30: 23 | AC30: 24 | AD30: 25 | AE30: 26 | AF30: 27 | AG30: 28 | AH30: 29 | AI30: 30 | AJ30: 31
A31: JERARQUIA | B31: NOMBRE Y APELLIDO | C31: LP/DNI | D31: DOMICILIO | E31: CELULAR | F31: S | G31: D | H31: L | I31: M | J31: M | K31: J | L31: V | M31: S | N31: D | O31: L | P31: M | Q31: M | R31: J | S31: V | T31: S | U31: D | V31: L | W31: M | X31: M | Y31: J | Z31: V | AA31: S | AB31: D | AC31: L | AD31: M | AE31: M | AF31: J | AG31: V | AH31: S | AI31: D | AJ31: L
A32: Contratado | B32: Garófalo, Oscar Ezequiel | C32: 37181824 | D32: Colombres 1565- Boedo | E32: 11-6371-0494 | I32: P | J32: P | K32: P | N32: P | O32: P | P32: P | Q32: P | U32: P | V32: P | W32: P | Z32: P | AA32: P | AB32: P | AC32: P | AG32: P | AI32: P | AM32: =IFS(AN32>3,"NO CORRESPONDE FRANCO",AS32>0,"NO CORRESPONDE FRANCO",AS32=0,"") | AN32: =COUNTIF($F32:$AJ32,"LLT") -> 0 | AO32: =COUNTIF($F32:$AJ32,"LM") -> 0 | AP32: =COUNTIF($F32:$AJ32,"FaC") -> 0 | AQ32: =COUNTIF($F32:$AJ32,"LxE") -> 0 | AR32: =COUNTIF($F32:$AJ32,"LA") -> 0 | AS32: =SUM(AO32:AR32) -> 0
A33: Contratado | B33: Delvecchio, Diana Gabriela | C33: 22508743 | D33: MAIPU 367- MORENO | E33: 11-2544-4664 | J33: LM | K33: LM | L33: LM | M33: LM | N33: LM | O33: LM | P33: LM | Q33: FA | U33: P | V33: p | W33: P | Z33: LM | AA33: LLT | AC33: LM | AD33: LM | AG33: P | AH33: P | AI33: P | AK33: 13 A 21HS AUTORIZADO POR SUB JOVANOVICH | AM33: =IFS(AN33>3,"NO CORRESPONDE FRANCO",AS33>0,"NO CORRESPONDE FRANCO",AS33=0,"") -> NO CORRESPONDE FRANCO | AN33: =COUNTIF($F33:$AJ33,"LLT") -> 1 | AO33: =COUNTIF($F33:$AJ33,"LM") -> 10 | AP33: =COUNTIF($F33:$AJ33,"FaC") -> 0 | AQ33: =COUNTIF($F33:$AJ33,"LxE") -> 0 | AR33: =COUNTIF($F33:$AJ33,"LA") -> 0 | AS33: =SUM(AO33:AR33) -> 10
A34: Contratado | B34: Herrera German Hernando | C34: 41898021 | D34: Saenz Peña 1750 - Merlo | E34: 11-3252-6607 | I34: LLT | J34: LLT | K34: LLT | N34: P | O34: LM | P34: LLT | Q34: LLT | U34: P | V34: P | W34: P | Z34: LLT | AA34: LLT | AB34: LLT | AC34: LM | AG34: LTT | AH34: LLT | AI34: P | AM34: =IFS(AN34>3,"NO CORRESPONDE FRANCO",AS34>0,"NO CORRESPONDE FRANCO",AS34=0,"") -> NO CORRESPONDE FRANCO | AN34: =COUNTIF($F34:$AJ34,"LLT") -> 9 | AO34: =COUNTIF($F34:$AJ34,"LM") -> 2 | AP34: =COUNTIF($F34:$AJ34,"FaC") -> 0 | AQ34: =COUNTIF($F34:$AJ34,"LxE") -> 0 | AR34: =COUNTIF($F34:$AJ34,"LA") -> 0 | AS34: =SUM(AO34:AR34) -> 2
A35: Contratado | B35: Gabriel, Mejia | C35: 42157414 | D35: calle 850 n°2502 solano PBA | E35: 11-59898773 | I35: P | J35: P | K35: P | M35: P | N35: P | O35: P | P35: P | Q35: CG | U35: P | V35: P | W35: P | Z35: P | AA35: P | AB35: LLT | AC35: P | AG35: P | AH35: P | AI35: LLT | AM35: =IFS(AN35>3,"NO CORRESPONDE FRANCO",AS35>0,"NO CORRESPONDE FRANCO",AS35=0,"") | AN35: =COUNTIF($F35:$AJ35,"LLT") -> 2 | AO35: =COUNTIF($F35:$AJ35,"LM") -> 0 | AP35: =COUNTIF($F35:$AJ35,"FaC") -> 0 | AQ35: =COUNTIF($F35:$AJ35,"LxE") -> 0 | AR35: =COUNTIF($F35:$AJ35,"LA") -> 0 | AS35: =SUM(AO35:AR35) -> 0
A36: Contratado | B36: Castillo Barrios, Edgard David | C36: 30081588 | D36: Tarija 3753- Boedo | E36: 11-5696-7489 | I36: LA | J36: LA | K36: LA | L36: LA | M36: LA | N36: LA | O36: P | P36: P | Q36: P | U36: P | V36: P | W36: P | Z36: P | AA36: P | AB36: LLT | AC36: P | AG36: P | AH36: P | AI36: FA | AM36: =IFS(AN36>3,"NO CORRESPONDE FRANCO",AS36>0,"NO CORRESPONDE FRANCO",AS36=0,"") -> NO CORRESPONDE FRANCO | AN36: =COUNTIF($F36:$AJ36,"LLT") -> 1 | AO36: =COUNTIF($F36:$AJ36,"LM") -> 0 | AP36: =COUNTIF($F36:$AJ36,"FaC") -> 0 | AQ36: =COUNTIF($F36:$AJ36,"LxE") -> 0 | AR36: =COUNTIF($F36:$AJ36,"LA") -> 6 | AS36: =SUM(AO36:AR36) -> 6
A37: Contratado | B37: Rojas Paula | C37: 21764781 | D37: Plaza 2544 4C - caba | E37: 11-5337-2495 | I37: LA | J37: LA | K37: LA | L37: LA | M37: LA | N37: LA | O37: LA | Q37: P | U37: P | V37: P | W37: P | Z37: P | AA37: P | AB37: P | AC37: P | AG37: P | AH37: P | AI37: FA | AM37: =IFS(AN37>3,"NO CORRESPONDE FRANCO",AS37>0,"NO CORRESPONDE FRANCO",AS37=0,"") -> NO CORRESPONDE FRANCO | AN37: =COUNTIF($F37:$AJ37,"LLT") -> 0 | AO37: =COUNTIF($F37:$AJ37,"LM") -> 0 | AP37: =COUNTIF($F37:$AJ37,"FaC") -> 0 | AQ37: =COUNTIF($F37:$AJ37,"LxE") -> 0 | AR37: =COUNTIF($F37:$AJ37,"LA") -> 7 | AS37: =SUM(AO37:AR37) -> 7
A38: Contratado | B38: Boned, Sebastian Leonel | C38: 40258358 | D38: 9 de Julio 5426 Billinghurts PH - dpto 1 | E38: 11-4166-2048 | I38: LLT | J38: P | K38: LLT | N38: LLT | O38: P | P38: LLT | Q38: P | U38: LM | V38: P | W38: P | Z38: P | AA38: LLT | AB38: P | AC38: LLT | AG38: P | AH38: LM | AI38: LLT | AM38: =IFS(AN38>3,"NO CORRESPONDE FRANCO",AS38>0,"NO CORRESPONDE FRANCO",AS38=0,"") -> NO CORRESPONDE FRANCO | AN38: =COUNTIF($F38:$AJ38,"LLT") -> 7 | AO38: =COUNTIF($F38:$AJ38,"LM") -> 2 | AP38: =COUNTIF($F38:$AJ38,"FaC") -> 0 | AQ38: =COUNTIF($F38:$AJ38,"LxE") -> 0 | AR38: =COUNTIF($F38:$AJ38,"LA") -> 0 | AS38: =SUM(AO38:AR38) -> 2
A39: Contratado | B39: Valentina Guzmán | C39: 47202075 | D39: La Rioja 2212 - Quilmes Oeste | E39: 11-2835-6374 | I39: P | J39: P | K39: P | N39: P | O39: FA | P39: P | Q39: LLT | U39: P | V39: P | W39: LA | X39: LA | Y39: LA | Z39: LA | AA39: LA | AB39: LA | AG39: P | AH39: P | AI39: CG | AM39: =IFS(AN39>3,"NO CORRESPONDE FRANCO",AS39>0,"NO CORRESPONDE FRANCO",AS39=0,"") -> NO CORRESPONDE FRANCO | AN39: =COUNTIF($F39:$AJ39,"LLT") -> 1 | AO39: =COUNTIF($F39:$AJ39,"LM") -> 0 | AP39: =COUNTIF($F39:$AJ39,"FaC") -> 0 | AQ39: =COUNTIF($F39:$AJ39,"LxE") -> 0 | AR39: =COUNTIF($F39:$AJ39,"LA") -> 6 | AS39: =SUM(AO39:AR39) -> 6
A40: Contratado | B40: Perez, Agustina | C40: 46936229 | D40: Calle 893 entre 801 y 802 N° 1137- Quilmes | E40: 11-2842-2895 | F40: LA | G40: LA | H40: LA | I40: LA | J40: LA | K40: CG | N40: LLT | O40: LLT | P40: LLT | Q40: P | U40: LM | V40: LM | W40: LLT | Z40: LLT | AA40: P | AB40: LLT | AC40: LLT | AE40: PASA A GRUPO 1 | AM40: =IFS(AN40>3,"NO CORRESPONDE FRANCO",AS40>0,"NO CORRESPONDE FRANCO",AS40=0,"") -> NO CORRESPONDE FRANCO | AN40: =COUNTIF($F40:$AJ40,"LLT") -> 7 | AO40: =COUNTIF($F40:$AJ40,"LM") -> 2 | AP40: =COUNTIF($F40:$AJ40,"FaC") -> 0 | AQ40: =COUNTIF($F40:$AJ40,"LxE") -> 0 | AR40: =COUNTIF($F40:$AJ40,"LA") -> 5 | AS40: =SUM(AO40:AR40) -> 7
A41: Contratado | B41: Guizado Centeno Aydee | C41: 18880507 | D41: Chiilcoy 664 dpto 2 PB - CABA | E41: 11 3156-1677 | I41: P | J41: P | K41: P | N41: P | O41: P | P41: 36501040 | Q41: P | U41: P | V41: P | W41: P | Z41: P | AA41: P | AB41: P | AC41: P | AG41: P | AH41: P | AI41: P | AM41: =IFS(AN41>3,"NO CORRESPONDE FRANCO",AS41>0,"NO CORRESPONDE FRANCO",AS41=0,"") | AN41: =COUNTIF($F41:$AJ41,"LLT") -> 0 | AO41: =COUNTIF($F41:$AJ41,"LM") -> 0 | AP41: =COUNTIF($F41:$AJ41,"FaC") -> 0 | AQ41: =COUNTIF($F41:$AJ41,"LxE") -> 0 | AR41: =COUNTIF($F41:$AJ41,"LA") -> 0 | AS41: =SUM(AO41:AR41) -> 0
A42: Contratado | B42: Rodriguez, Josefina Clara | C42: 41704091 | D42: Virrey Cevallo 925 2do dpto A - CABA | E42: 11 2281-0186 | I42: P | J42: P | K42: LLT | N42: LLT | O42: P | P42: P | Q42: LLT | U42: P | V42: P | W42: P | Z42: P | AA42: P | AB42: P | AC42: P | AG42: P | AH42: P | AI42: P | AM42: =IFS(AN42>3,"NO CORRESPONDE FRANCO",AS42>0,"NO CORRESPONDE FRANCO",AS42=0,"") | AN42: =COUNTIF($F42:$AJ42,"LLT") -> 3 | AO42: =COUNTIF($F42:$AJ42,"LM") -> 0 | AP42: =COUNTIF($F42:$AJ42,"FaC") -> 0 | AQ42: =COUNTIF($F42:$AJ42,"LxE") -> 0 | AR42: =COUNTIF($F42:$AJ42,"LA") -> 0 | AS42: =SUM(AO42:AR42) -> 0
A43: Contratado | B43: Betanzo Alma | C43: 46294287 | D43: Remedios 5105- Mataderos | E43: 11 31792027 | I43: LLT | J43: P | K43: P | N43: P | O43: P | P43: P | Q43: P | U43: P | V43: P | W43: P | Z43: P | AA43: P | AB43: P | AC43: P | AD43: P | AG43: P | AH43: CG | AI43: LLT | AM43: =IFS(AN43>3,"NO CORRESPONDE FRANCO",AS43>0,"NO CORRESPONDE FRANCO",AS43=0,"") | AN43: =COUNTIF($F43:$AJ43,"LLT") -> 2 | AO43: =COUNTIF($F43:$AJ43,"LM") -> 0 | AP43: =COUNTIF($F43:$AJ43,"FaC") -> 0 | AQ43: =COUNTIF($F43:$AJ43,"LxE") -> 0 | AR43: =COUNTIF($F43:$AJ43,"LA") -> 0 | AS43: =SUM(AO43:AR43) -> 0
A45: GRUPO "D" TT - 14 A 22 HS | F45: 1 | G45: 2 | H45: 3 | I45: 4 | J45: 5 | K45: 6 | L45: 7 | M45: 8 | N45: 9 | O45: 10 | P45: 11 | Q45: 12 | R45: 13 | S45: 14 | T45: 15 | U45: 16 | V45: 17 | W45: 18 | X45: 19 | Y45: 20 | Z45: 21 | AA45: 22 | AB45: 23 | AC45: 24 | AD45: 25 | AE45: 26 | AF45: 27 | AG45: 28 | AH45: 29 | AI45: 30 | AJ45: 31
A46: JERARQUIA | B46: NOMBRE Y APELLIDO | C46: LP/DNI | D46: DOMICILIO | E46: CELULAR | F46: S | G46: D | H46: L | I46: M | J46: M | K46: J | L46: V | M46: S | N46: D | O46: L | P46: M | Q46: M | R46: J | S46: V | T46: S | U46: D | V46: L | W46: M | X46: M | Y46: J | Z46: V | AA46: S | AB46: D | AC46: L | AD46: M | AE46: M | AF46: J | AG46: V | AH46: S | AI46: D | AJ46: L
A47: Nivel J | B47: Segovia, Noelia | C47: 11677 | D47: Hidalgo 1737 piso 7D - CABA | E47: 11-3455-2393 | H47: P | I47: P | J47: P | N47: P | O47: P | P47: P | Q47: P | T47: P | U47: P | V47: p | Z47: P | AA47: P | AB47: P | AC47: P | AF47: P | AG47: P | AH47: P | AM47: =IFS(AN47>3,"NO CORRESPONDE FRANCO",AS47>0,"NO CORRESPONDE FRANCO",AS47=0,"") | AN47: =COUNTIF($F47:$AJ47,"LLT") -> 0 | AO47: =COUNTIF($F47:$AJ47,"LM") -> 0 | AP47: =COUNTIF($F47:$AJ47,"FaC") -> 0 | AQ47: =COUNTIF($F47:$AJ47,"LxE") -> 0 | AR47: =COUNTIF($F47:$AJ47,"LA") -> 0 | AS47: =SUM(AO47:AR47) -> 0
A48: Nivel J | B48: Godoy lucia | C48: 17212 | D48: Manuel Samperio 916 5°P - CABA | E48: 11-2253-6961 | H48: P | N48: P | O48: P | P48: P | Q48: LLT | T48: P | U48: FA | V48: FA | Z48: P | AA48: P | AB48: P | AC48: P | AF48: P | AG48: P | AH48: P | AM48: =IFS(AN48>3,"NO CORRESPONDE FRANCO",AS48>0,"NO CORRESPONDE FRANCO",AS48=0,"") | AN48: =COUNTIF($F48:$AJ48,"LLT") -> 1 | AO48: =COUNTIF($F48:$AJ48,"LM") -> 0 | AP48: =COUNTIF($F48:$AJ48,"FaC") -> 0 | AQ48: =COUNTIF($F48:$AJ48,"LxE") -> 0 | AR48: =COUNTIF($F48:$AJ48,"LA") -> 0 | AS48: =SUM(AO48:AR48) -> 0
A49: Contratado | B49: Polari, Ulises Gonzalo | C49: 46647706 | D49: La Fuente 1480 | E49: 11-2702-5242 | G49: LLT | H49: LLT | I49: LLT | J49: CG | N49: LLT | O49: LLT | P49: LLT | Q49: LLT | T49: LLT | U49: LLT | V49: P | Z49: LLT | AA49: LLT | AB49: LLT | AC49: LLT | AF49: LLT | AG49: LLT | AH49: LLT | AM49: =IFS(AN49>3,"NO CORRESPONDE FRANCO",AS49>0,"NO CORRESPONDE FRANCO",AS49=0,"") -> NO CORRESPONDE FRANCO | AN49: =COUNTIF($F49:$AJ49,"LLT") -> 16 | AO49: =COUNTIF($F49:$AJ49,"LM") -> 0 | AP49: =COUNTIF($F49:$AJ49,"FaC") -> 0 | AQ49: =COUNTIF($F49:$AJ49,"LxE") -> 0 | AR49: =COUNTIF($F49:$AJ49,"LA") -> 0 | AS49: =SUM(AO49:AR49) -> 0
A50: Contratado | B50: Ligresti Maira | C50: 39149791 | D50: Carriego 9821- Moreno | E50: 11-6005-3037 | F50: P | H50: P | I50: P | J50: P | M50: P | N50: P | O50: P | P50: P | Q50: FA | T50: CG | U50: P | V50: CG | Z50: P | AA50: P | AB50: P | AC50: P | AF50: P | AG50: P | AH50: FA | AJ50: P | AK50: 13 A 21HS AUTORIZADO POR SUB JOVANOVICH | AM50: =IFS(AN50>3,"NO CORRESPONDE FRANCO",AS50>0,"NO CORRESPONDE FRANCO",AS50=0,"") | AN50: =COUNTIF($F50:$AJ50,"LLT") -> 0 | AO50: =COUNTIF($F50:$AJ50,"LM") -> 0 | AP50: =COUNTIF($F50:$AJ50,"FaC") -> 0 | AQ50: =COUNTIF($F50:$AJ50,"LxE") -> 0 | AR50: =COUNTIF($F50:$AJ50,"LA") -> 0 | AS50: =SUM(AO50:AR50) -> 0
A51: Contratado | B51: Lacaba, Camila | C51: 39849206 | D51: Ordoñez 484 - HURLINGHAM | E51: 11-2466-7050 | F51: P | H51: P | I51: P | J51: P | N51: CG | O51: P | P51: P | Q51: P | R51: P | T51: FA | U51: P | V51: P | Z51: CG | AA51: P | AB51: P | AC51: P | AF51: P | AG51: P | AH51: P | AM51: =IFS(AN51>3,"NO CORRESPONDE FRANCO",AS51>0,"NO CORRESPONDE FRANCO",AS51=0,"") | AN51: =COUNTIF($F51:$AJ51,"LLT") -> 0 | AO51: =COUNTIF($F51:$AJ51,"LM") -> 0 | AP51: =COUNTIF($F51:$AJ51,"FaC") -> 0 | AQ51: =COUNTIF($F51:$AJ51,"LxE") -> 0 | AR51: =COUNTIF($F51:$AJ51,"LA") -> 0 | AS51: =SUM(AO51:AR51) -> 0
A52: Contratado | B52: Coronel, Jaqueline Andrea | C52: 39310688 | D52: Jean Jaures 1044 GERLI | E52: 3624-736732 | H52: A | I52: P | J52: P | N52: P | O52: P | P52: P | Q52: P | T52: FA | U52: P | V52: P | Z52: P | AA52: P | AB52: P | AC52: P | AF52: FA | AG52: P | AH52: P | AM52: =IFS(AN52>3,"NO CORRESPONDE FRANCO",AS52>0,"NO CORRESPONDE FRANCO",AS52=0,"") | AN52: =COUNTIF($F52:$AJ52,"LLT") -> 0 | AO52: =COUNTIF($F52:$AJ52,"LM") -> 0 | AP52: =COUNTIF($F52:$AJ52,"FaC") -> 0 | AQ52: =COUNTIF($F52:$AJ52,"LxE") -> 0 | AR52: =COUNTIF($F52:$AJ52,"LA") -> 0 | AS52: =SUM(AO52:AR52) -> 0
A53: Contratado | B53: Leguina, Daniel | C53: 18057238 | D53: GRAL. ENRIQUE MARTINEZ 1230 5° B - CABA | E53: 11-3203-6277 | H53: P | I53: P | J53: P | N53: P | O53: P | P53: P | Q53: P | T53: P | U53: P | V53: P | Z53: P | AA53: P | AB53: FA | AD53: LA | AE53: LA | AF53: LA | AG53: LA | AH53: LA | AI53: LA | AM53: =IFS(AN53>3,"NO CORRESPONDE FRANCO",AS53>0,"NO CORRESPONDE FRANCO",AS53=0,"") -> NO CORRESPONDE FRANCO | AN53: =COUNTIF($F53:$AJ53,"LLT") -> 0 | AO53: =COUNTIF($F53:$AJ53,"LM") -> 0 | AP53: =COUNTIF($F53:$AJ53,"FaC") -> 0 | AQ53: =COUNTIF($F53:$AJ53,"LxE") -> 0 | AR53: =COUNTIF($F53:$AJ53,"LA") -> 6 | AS53: =SUM(AO53:AR53) -> 6
A54: Contratado | B54: Guaymas Gabriel | C54: 32762527 | D54: Av Hipolito Yrigoyen 4089-CABA | E54: 11-55764710 | H54: P | I54: P | J54: LLT | N54: LLT | O54: LLT | P54: LLT | Q54: LLT | T54: LLT | U54: P | V54: FA | Z54: LA | AA54: LA | AB54: LA | AD54: LA | AE54: LA | AF54: LA | AG54: LLT | AH54: LLT | AM54: =IFS(AN54>3,"NO CORRESPONDE FRANCO",AS54>0,"NO CORRESPONDE FRANCO",AS54=0,"") -> NO CORRESPONDE FRANCO | AN54: =COUNTIF($F54:$AJ54,"LLT") -> 8 | AO54: =COUNTIF($F54:$AJ54,"LM") -> 0 | AP54: =COUNTIF($F54:$AJ54,"FaC") -> 0 | AQ54: =COUNTIF($F54:$AJ54,"LxE") -> 0 | AR54: =COUNTIF($F54:$AJ54,"LA") -> 6 | AS54: =SUM(AO54:AR54) -> 6
A55: Contratado | B55: Gutierrez Guevara, Adrian Ezequiel | C55: 42409809 | D55: Av Eva Peron 6630 - Villa Lugano | E55: 11 7188-0037 | H55: P | I55: P | J55: LLT | N55: P | O55: P | P55: P | Q55: LLT | T55: P | U55: P | V55: LLT | Z55: P | AA55: LLT | AB55: LLT | AC55: P | AF55: P | AG55: LLT | AH55: LLT | AM55: =IFS(AN55>3,"NO CORRESPONDE FRANCO",AS55>0,"NO CORRESPONDE FRANCO",AS55=0,"") -> NO CORRESPONDE FRANCO | AN55: =COUNTIF($F55:$AJ55,"LLT") -> 6 | AO55: =COUNTIF($F55:$AJ55,"LM") -> 0 | AP55: =COUNTIF($F55:$AJ55,"FaC") -> 0 | AQ55: =COUNTIF($F55:$AJ55,"LxE") -> 0 | AR55: =COUNTIF($F55:$AJ55,"LA") -> 0 | AS55: =SUM(AO55:AR55) -> 0
A56: Contratado | B56: Callizaya Avila, Daniel Denis | C56: 43170624 | D56: Zuviria 6000- Villa lugano - CABA | E56: 11-2341-1312 | H56: P | I56: P | J56: P | N56: P | O56: P | P56: P | Q56: LLT | T56: P | U56: P | V56: P | Z56: P | AA56: LLT | AB56: P | AC56: P | AF56: P | AG56: P | AH56: P | AM56: =IFS(AN56>3,"NO CORRESPONDE FRANCO",AS56>0,"NO CORRESPONDE FRANCO",AS56=0,"") | AN56: =COUNTIF($F56:$AJ56,"LLT") -> 2 | AO56: =COUNTIF($F56:$AJ56,"LM") -> 0 | AP56: =COUNTIF($F56:$AJ56,"FaC") -> 0 | AQ56: =COUNTIF($F56:$AJ56,"LxE") -> 0 | AR56: =COUNTIF($F56:$AJ56,"LA") -> 0 | AS56: =SUM(AO56:AR56) -> 0
A57: Contratado | B57: Arias, Facundo | C57: 23782468 | D57: Arcos 2584 5to. B - CABA | E57: 11-4023-6602 | H57: P | I57: P | J57: P | N57: P | O57: P | P57: P | Q57: P | T57: P | U57: P | V57: P | Z57: P | AA57: P | AB57: P | AC57: P | AF57: P | AG57: P | AH57: P | AM57: =IFS(AN57>3,"NO CORRESPONDE FRANCO",AS57>0,"NO CORRESPONDE FRANCO",AS57=0,"") | AN57: =COUNTIF($F57:$AJ57,"LLT") -> 0 | AO57: =COUNTIF($F57:$AJ57,"LM") -> 0 | AP57: =COUNTIF($F57:$AJ57,"FaC") -> 0 | AQ57: =COUNTIF($F57:$AJ57,"LxE") -> 0 | AR57: =COUNTIF($F57:$AJ57,"LA") -> 0 | AS57: =SUM(AO57:AR57) -> 0
A58: Contratado | B58: Olivar Tobias | C58: 42090094 | D58: Raul Alfonsin 1194- Lanus | E58: 11 36478251 | H58: P | I58: P | J58: P | N58: P | O58: P | P58: P | Q58: P | T58: P | U58: P | V58: P | Z58: P | AA58: P | AB58: P | AC58: P | AF58: P | AG58: P | AH58: P | AM58: =IFS(AN58>3,"NO CORRESPONDE FRANCO",AS58>0,"NO CORRESPONDE FRANCO",AS58=0,"") | AN58: =COUNTIF($F58:$AJ58,"LLT") -> 0 | AO58: =COUNTIF($F58:$AJ58,"LM") -> 0 | AP58: =COUNTIF($F58:$AJ58,"FaC") -> 0 | AQ58: =COUNTIF($F58:$AJ58,"LxE") -> 0 | AR58: =COUNTIF($F58:$AJ58,"LA") -> 0 | AS58: =SUM(AO58:AR58) -> 0
A60: GRUPO"E" TT - 14 A 22 HS | F60: 1 | G60: 2 | H60: 3 | I60: 4 | J60: 5 | K60: 6 | L60: 7 | M60: 8 | N60: 9 | O60: 10 | P60: 11 | Q60: 12 | R60: 13 | S60: 14 | T60: 15 | U60: 16 | V60: 17 | W60: 18 | X60: 19 | Y60: 20 | Z60: 21 | AA60: 22 | AB60: 23 | AC60: 24 | AD60: 25 | AE60: 26 | AF60: 27 | AG60: 28 | AH60: 29 | AI60: 30 | AJ60: 31
A61: JERARQUIA | B61: NOMBRE Y APELLIDO | C61: LP/DNI | D61: DOMICILIO | E61: CELULAR | F61: S | G61: D | H61: L | I61: M | J61: M | K61: J | L61: V | M61: S | N61: D | O61: L | P61: M | Q61: M | R61: J | S61: V | T61: S | U61: D | V61: L | W61: M | X61: M | Y61: J | Z61: V | AA61: S | AB61: D | AC61: L | AD61: M | AE61: M | AF61: J | AG61: V | AH61: S | AI61: D | AJ61: L
A62: Contratado | B62: Antinori, Silvana | C62: 17500576 | D62: Primera Junta 3731 – Vicente Lopez | E62: 11-5795-3862 | F62: P | J62: LLT | K62: LLT | L62: P | M62: CG | P62: P | Q62: P | T62: P | V62: P | W62: LA | X62: LA | Y62: LA | Z62: LA | AA62: LA | AB62: LA | AD62: FA | AH62: P | AI62: P | AJ62: P | AM62: =IFS(AN62>3,"NO CORRESPONDE FRANCO",AS62>0,"NO CORRESPONDE FRANCO",AS62=0,"") -> NO CORRESPONDE FRANCO | AN62: =COUNTIF($F62:$AJ62,"LLT") -> 2 | AO62: =COUNTIF($F62:$AJ62,"LM") -> 0 | AP62: =COUNTIF($F62:$AJ62,"FaC") -> 0 | AQ62: =COUNTIF($F62:$AJ62,"LxE") -> 0 | AR62: =COUNTIF($F62:$AJ62,"LA") -> 6 | AS62: =SUM(AO62:AR62) -> 6
A63: Contratado | B63: Morales, Ezequiel Dario | C63: 39742979 | D63: Sucre 911 - Merlo | E63: 11-3780-8548 | F63: P | J63: P | K63: P | L63: P | M63: P | N63: P | P63: P | Q63: P | R63: CG | V63: P | W63: P | X63: P | Y63: P | AA63: P | AB63: P | AC63: P | AD63: P | AH63: CG | AI63: P | AJ63: P | AM63: =IFS(AN63>3,"NO CORRESPONDE FRANCO",AS63>0,"NO CORRESPONDE FRANCO",AS63=0,"") | AN63: =COUNTIF($F63:$AJ63,"LLT") -> 0 | AO63: =COUNTIF($F63:$AJ63,"LM") -> 0 | AP63: =COUNTIF($F63:$AJ63,"FaC") -> 0 | AQ63: =COUNTIF($F63:$AJ63,"LxE") -> 0 | AR63: =COUNTIF($F63:$AJ63,"LA") -> 0 | AS63: =SUM(AO63:AR63) -> 0
A64: Contratado | B64: Paz, Agustin Daniel | C64: 47161746 | D64: JOSE BAZURCO 1715 - RAFAEL CASTILLO | E64: 11-3898-6152 | F64: P | J64: LLT | K64: LLT | L64: P | M64: LLT | P64: P | Q64: P | R64: LLT | V64: LLT | W64: LLT | X64: LLT | Y64: P | AB64: LLT | AC64: LM | AD64: LLT | AH64: LLT | AI64: P | AJ64: P | AM64: =IFS(AN64>3,"NO CORRESPONDE FRANCO",AS64>0,"NO CORRESPONDE FRANCO",AS64=0,"") -> NO CORRESPONDE FRANCO | AN64: =COUNTIF($F64:$AJ64,"LLT") -> 10 | AO64: =COUNTIF($F64:$AJ64,"LM") -> 1 | AP64: =COUNTIF($F64:$AJ64,"FaC") -> 0 | AQ64: =COUNTIF($F64:$AJ64,"LxE") -> 0 | AR64: =COUNTIF($F64:$AJ64,"LA") -> 0 | AS64: =SUM(AO64:AR64) -> 1
A65: Contratado | B65: Greco Ventura, Nehuen | C65: 40073390 | D65: Gutierrez 648 casa 47 Quilmes | E65: 11-40294262 | F65: P | J65: P | K65: P | L65: P | M65: P | P65: P | Q65: P | R65: P | V65: FA | X65: P | Y65: P | AB65: P | AC65: P | AD65: P | AH65: P | AI65: P | AJ65: P | AK65: taño | AM65: =IFS(AN65>3,"NO CORRESPONDE FRANCO",AS65>0,"NO CORRESPONDE FRANCO",AS65=0,"") | AN65: =COUNTIF($F65:$AJ65,"LLT") -> 0 | AO65: =COUNTIF($F65:$AJ65,"LM") -> 0 | AP65: =COUNTIF($F65:$AJ65,"FaC") -> 0 | AQ65: =COUNTIF($F65:$AJ65,"LxE") -> 0 | AR65: =COUNTIF($F65:$AJ65,"LA") -> 0 | AS65: =SUM(AO65:AR65) -> 0
A66: Contratado | B66: Parada, Enzo | C66: 43445489 | D66: Aristobulo del Valle 3226 - Lanus | E66: 1168396444 | F66: P | H66: PASA A GRUPO E TURNO MAÑANA A /C DEL INSP CISNEROS | AM66: =IFS(AN66>3,"NO CORRESPONDE FRANCO",AS66>0,"NO CORRESPONDE FRANCO",AS66=0,"") | AN66: =COUNTIF($F66:$AJ66,"LLT") -> 0 | AO66: =COUNTIF($F66:$AJ66,"LM") -> 0 | AP66: =COUNTIF($F66:$AJ66,"FaC") -> 0 | AQ66: =COUNTIF($F66:$AJ66,"LxE") -> 0 | AR66: =COUNTIF($F66:$AJ66,"LA") -> 0 | AS66: =SUM(AO66:AR66) -> 0
A67: Contratado | B67: Flores Thiago | C67: 47787990 | D67: San Luis 189-San Miguel | E67: 11-6791-6379 | F67: P | J67: P | K67: P | L67: P | M67: P | P67: LA | Q67: LA | R67: LA | S67: LA | T67: LA | U67: LA | V67: LA | W67: LA | X67: LA | Y67: LA | Z67: LA | AA67: LA | AB67: LA | AD67: FA | AH67: FA | AI67: P | AJ67: P | AM67: =IFS(AN67>3,"NO CORRESPONDE FRANCO",AS67>0,"NO CORRESPONDE FRANCO",AS67=0,"") -> NO CORRESPONDE FRANCO | AN67: =COUNTIF($F67:$AJ67,"LLT") -> 0 | AO67: =COUNTIF($F67:$AJ67,"LM") -> 0 | AP67: =COUNTIF($F67:$AJ67,"FaC") -> 0 | AQ67: =COUNTIF($F67:$AJ67,"LxE") -> 0 | AR67: =COUNTIF($F67:$AJ67,"LA") -> 13 | AS67: =SUM(AO67:AR67) -> 13
A68: Contratado | B68: Lima Marcelo Alejandro | C68: 36404018 | D68: Viamonte 2266 - CABA | E68: 11-5667-8679 | F68: P | J68: LM | K68: LM | L68: A | M68: P | P68: FA | Q68: P | R68: P | V68: LA | W68: LA | X68: LA | Y68: LA | Z68: LA | AA68: LA | AB68: LA | AC68: A | AD68: P | AH68: FA | AI68: FA | AJ68: A | AM68: =IFS(AN68>3,"NO CORRESPONDE FRANCO",AS68>0,"NO CORRESPONDE FRANCO",AS68=0,"") -> NO CORRESPONDE FRANCO | AN68: =COUNTIF($F68:$AJ68,"LLT") -> 0 | AO68: =COUNTIF($F68:$AJ68,"LM") -> 2 | AP68: =COUNTIF($F68:$AJ68,"FaC") -> 0 | AQ68: =COUNTIF($F68:$AJ68,"LxE") -> 0 | AR68: =COUNTIF($F68:$AJ68,"LA") -> 7 | AS68: =SUM(AO68:AR68) -> 9
A69: Contratado | B69: Campilongo. Valentin | C69: 43238729 | D69: Belgrano 3634- Almagro | E69: 11-5122-8576 | F69: P | J69: P | K69: P | L69: LLT | M69: LLT | P69: P | Q69: P | R69: P | V69: P | W69: LLT | X69: P | Y69: P | AB69: CG | AC69: P | AD69: P | AG69: P | AH69: P | AI69: P | AJ69: P | AM69: =IFS(AN69>3,"NO CORRESPONDE FRANCO",AS69>0,"NO CORRESPONDE FRANCO",AS69=0,"") | AN69: =COUNTIF($F69:$AJ69,"LLT") -> 3 | AO69: =COUNTIF($F69:$AJ69,"LM") -> 0 | AP69: =COUNTIF($F69:$AJ69,"FaC") -> 0 | AQ69: =COUNTIF($F69:$AJ69,"LxE") -> 0 | AR69: =COUNTIF($F69:$AJ69,"LA") -> 0 | AS69: =SUM(AO69:AR69) -> 0
A70: Contratado | B70: Ibarra, Ramon Alberto | C70: 36160913 | D70: Martinez Castro 232 - Barrio Carrillo - Soldati | E70: 11-3639-5475 | F70: P | J70: P | K70: P | L70: P | M70: LM | P70: P | Q70: LxF | R70: P | W70: P | X70: LLT | Y70: P | AB70: LM | AC70: LM | AD70: LM | AE70: LM | AH70: P | AI70: LLT | AJ70: LLT | AM70: =IFS(AN70>3,"NO CORRESPONDE FRANCO",AS70>0,"NO CORRESPONDE FRANCO",AS70=0,"") -> NO CORRESPONDE FRANCO | AN70: =COUNTIF($F70:$AJ70,"LLT") -> 3 | AO70: =COUNTIF($F70:$AJ70,"LM") -> 5 | AP70: =COUNTIF($F70:$AJ70,"FaC") -> 0 | AQ70: =COUNTIF($F70:$AJ70,"LxE") -> 0 | AR70: =COUNTIF($F70:$AJ70,"LA") -> 0 | AS70: =SUM(AO70:AR70) -> 5
A71: Contratado | B71: Pando, Luisa Gabriela | C71: 37197970 | D71: Martin Coronado 1583 - Bosques Florencia Varela | E71: 11-3950-4587 | K71: LM | L71: LM | M71: LM | N71: LM | O71: LM | P71: LM | Q71: LM | R71: LM | S71: LM | T71: LM | U71: LM | V71: LM | W71: LM | X71: LM | Y71: LM | Z71: LM | AA71: LM | AB71: LM | AC71: LM | AD71: LM | AE71: LM | AF71: LM | AG71: LM | AH71: LM | AI71: LM | AJ71: LM | AK71: LM
A72: Contratado | B72: De la Puente, Ana Celia | C72: 28640821 | D72: Cachimayo N 85 piso 14 dpto 48 | E72: 11-5095-6948 | F72: P | J72: P | K72: P | L72: LLT | M72: LLT | P72: P | Q72: P | R72: P | V72: FA | W72: P | X72: P | Y72: P | AB72: P | AC72: P | AD72: P | AH72: P | AI72: P | AJ72: P | AM72: =IFS(AN72>3,"NO CORRESPONDE FRANCO",AS72>0,"NO CORRESPONDE FRANCO",AS72=0,"") | AN72: =COUNTIF($F72:$AJ72,"LLT") -> 2 | AO72: =COUNTIF($F72:$AJ72,"LM") -> 0 | AP72: =COUNTIF($F72:$AJ72,"FaC") -> 0 | AQ72: =COUNTIF($F72:$AJ72,"LxE") -> 0 | AR72: =COUNTIF($F72:$AJ72,"LA") -> 0 | AS72: =SUM(AO72:AR72) -> 0
A73: Contratado | B73: Altamirano, Micaela | C73: 38837371 | D73: San Salvador 5974- Jose C Paz | E73: 11-2610-4091 | F73: LM | G73: LM | H73: LM | I73: LM | J73: LM | K73: LM | L73: LM | M73: LM | N73: LM | O73: LM | P73: LM | Q73: LM | R73: LM | S73: LM | T73: LM | U73: LM | V73: LM | W73: LM | X73: LM | Y73: LM | Z73: LM | AA73: LM | AB73: LM | AC73: LM | AD73: LM | AE73: LM | AF73: LM | AG73: LM | AH73: LM | AI73: LM | AJ73: LM | AL73: LM | AM73: =IFS(AN73>3,"NO CORRESPONDE FRANCO",AS73>0,"NO CORRESPONDE FRANCO",AS73=0,"") -> NO CORRESPONDE FRANCO | AN73: =COUNTIF($F73:$AJ73,"LLT") -> 0 | AO73: =COUNTIF($F73:$AJ73,"LM") -> 31 | AP73: =COUNTIF($F73:$AJ73,"FaC") -> 0 | AQ73: =COUNTIF($F73:$AJ73,"LxE") -> 0 | AR73: =COUNTIF($F73:$AJ73,"LA") -> 0 | AS73: =SUM(AO73:AR73) -> 31
A74: Contratado | B74: Licciardi Salguero, Nicolas Lucas | C74: 36501040 | D74: Susini 2332 - Villa Crespo | E74: 11-3166-3587 | F74: GRUPO 2 | J74: P | K74: LLT | L74: P | M74: P | P74: LLT | Q74: P | R74: LLT | V74: cacer | W74: P | X74: LLT | Y74: P | AB74: P | AC74: P | AD74: P | AH74: P | AI74: P | AJ74: P | AM74: =IFS(AN74>3,"NO CORRESPONDE FRANCO",AS74>0,"NO CORRESPONDE FRANCO",AS74=0,"") -> NO CORRESPONDE FRANCO | AN74: =COUNTIF($F74:$AJ74,"LLT") -> 4 | AO74: =COUNTIF($F74:$AJ74,"LM") -> 0 | AP74: =COUNTIF($F74:$AJ74,"FaC") -> 0 | AQ74: =COUNTIF($F74:$AJ74,"LxE") -> 0 | AR74: =COUNTIF($F74:$AJ74,"LA") -> 0 | AS74: =SUM(AO74:AR74) -> 0
A76: GRUPO "F" TT - 14 A 22 HS | F76: 1 | G76: 2 | H76: 3 | I76: 4 | J76: 5 | K76: 6 | L76: 7 | M76: 8 | N76: 9 | O76: 10 | P76: 11 | Q76: 12 | R76: 13 | S76: 14 | T76: 15 | U76: 16 | V76: 17 | W76: 18 | X76: 19 | Y76: 20 | Z76: 21 | AA76: 22 | AB76: 23 | AC76: 24 | AD76: 25 | AE76: 26 | AF76: 27 | AG76: 28 | AH76: 29 | AI76: 30 | AJ76: 31
A77: JERARQUIA | B77: NOMBRE Y APELLIDO | C77: LP/DNI | D77: DOMICILIO | E77: CELULAR | F77: S | G77: D | H77: L | I77: M | J77: M | K77: J | L77: V | M77: S | N77: D | O77: L | P77: M | Q77: M | R77: J | S77: V | T77: S | U77: D | V77: L | W77: M | X77: M | Y77: J | Z77: V | AA77: S | AB77: D | AC77: L | AD77: M | AE77: M | AF77: J | AG77: V | AH77: S | AI77: D | AJ77: L
A78: Contratado | B78: Camargo, Priscila | C78: 43259387 | D78: Barrio Presidente Perón - Entrada 99 Dpto 1160 3°Piso | E78: 11-2470-1712 | F78: LLT | G78: LLT | H78: GRUPO F 14 A 22 PUERTO MADERO | AM78: =IFS(AN78>3,"NO CORRESPONDE FRANCO",AS78>0,"NO CORRESPONDE FRANCO",AS78=0,"") | AN78: =COUNTIF($F78:$AJ78,"LLT") -> 2 | AO78: =COUNTIF($F78:$AJ78,"LM") -> 0 | AP78: =COUNTIF($F78:$AJ78,"FaC") -> 0 | AQ78: =COUNTIF($F78:$AJ78,"LxE") -> 0 | AR78: =COUNTIF($F78:$AJ78,"LA") -> 0 | AS78: =SUM(AO78:AR78) -> 0
A79: Contratado | B79: Mendoza, Nicolás | C79: 43039140 | D79: Mariano Acosta 5841 - Malvinas Argentinas | E79: 11-6038-3179 | F79: P | G79: CG | J79: P | K79: P | L79: P | M79: P | P79: P | Q79: P | R79: P | S79: P | W79: P | X79: P | Y79: P | AB79: FA | AC79: LM | AD79: P | AE79: P | AI79: LLT | AJ79: P | AK79: NO CORRESPONDE PORQUE NO DA PRESENTE NE MESA DE ENTRADA | AM79: =IFS(AN79>3,"NO CORRESPONDE FRANCO",AS79>0,"NO CORRESPONDE FRANCO",AS79=0,"") -> NO CORRESPONDE FRANCO | AN79: =COUNTIF($F79:$AJ79,"LLT") -> 1 | AO79: =COUNTIF($F79:$AJ79,"LM") -> 1 | AP79: =COUNTIF($F79:$AJ79,"FaC") -> 0 | AQ79: =COUNTIF($F79:$AJ79,"LxE") -> 0 | AR79: =COUNTIF($F79:$AJ79,"LA") -> 0 | AS79: =SUM(AO79:AR79) -> 1
A80: Contratado | B80: Taboada Federico | C80: 36895794 | D80: Rumania 1611 - Florencio Varela | E80: 11-6999-9320 | F80: LLT | G80: P | K80: P | L80: P | M80: P | P80: P | Q80: P | R80: P | S80: P | W80: P | X80: P | Y80: P | AB80: P | AC80: P | AD80: P | AE80: P | AI80: P | AJ80: P | AM80: =IFS(AN80>3,"NO CORRESPONDE FRANCO",AS80>0,"NO CORRESPONDE FRANCO",AS80=0,"") | AN80: =COUNTIF($F80:$AJ80,"LLT") -> 1 | AO80: =COUNTIF($F80:$AJ80,"LM") -> 0 | AP80: =COUNTIF($F80:$AJ80,"FaC") -> 0 | AQ80: =COUNTIF($F80:$AJ80,"LxE") -> 0 | AR80: =COUNTIF($F80:$AJ80,"LA") -> 0 | AS80: =SUM(AO80:AR80) -> 0
A81: Contratado | B81: Rossi Lucía Morena | C81: 45926480 | D81: Asamblea 4519- caseros | E81: 11 2395-9253 | F81: CG | G81: P | K81: PASA AL GRUPO 5 | AM81: =IFS(AN81>3,"NO CORRESPONDE FRANCO",AS81>0,"NO CORRESPONDE FRANCO",AS81=0,"") | AN81: =COUNTIF($F81:$AJ81,"LLT") -> 0 | AO81: =COUNTIF($F81:$AJ81,"LM") -> 0 | AP81: =COUNTIF($F81:$AJ81,"FaC") -> 0 | AQ81: =COUNTIF($F81:$AJ81,"LxE") -> 0 | AR81: =COUNTIF($F81:$AJ81,"LA") -> 0 | AS81: =SUM(AO81:AR81) -> 0
A82: Contratado | B82: Guerra Hidalgo Maria Florencia | C82: 46702815 | D82: Capitan Guemes 141- Villa Celina | E82: 11-7366-9342 | F82: LLT | L82: LLT | M82: LxE | P82: P | Q82: LLT | R82: LLT | T82: LLT | W82: LLT | X82: LLT | Y82: P | AB82: FA | AD82: LLT | AE82: P | AI82: P | AJ82: P | AM82: =IFS(AN82>3,"NO CORRESPONDE FRANCO",AS82>0,"NO CORRESPONDE FRANCO",AS82=0,"") -> NO CORRESPONDE FRANCO | AN82: =COUNTIF($F82:$AJ82,"LLT") -> 8 | AO82: =COUNTIF($F82:$AJ82,"LM") -> 0 | AP82: =COUNTIF($F82:$AJ82,"FaC") -> 0 | AQ82: =COUNTIF($F82:$AJ82,"LxE") -> 1 | AR82: =COUNTIF($F82:$AJ82,"LA") -> 0 | AS82: =SUM(AO82:AR82) -> 1
A83: Contratado | B83: Monzon, Nora Viviana | C83: 29078556 | D83: Andres Vallejos 2193- Villa Pueyrredon | E83: 11-2842-1443 | F83: LLT | G83: LLT | K83: LLT | L83: LLT | M83: LLT | P83: LA | Q83: LA | R83: LA | S83: LA | T83: LA | U83: LA | V83: LA | W83: LLT | X83: LLT | AB83: LLT | AC83: LTT | AD83: LLT | AE83: LLT | AI83: LLT | AJ83: P | AM83: =IFS(AN83>3,"NO CORRESPONDE FRANCO",AS83>0,"NO CORRESPONDE FRANCO",AS83=0,"") -> NO CORRESPONDE FRANCO | AN83: =COUNTIF($F83:$AJ83,"LLT") -> 10 | AO83: =COUNTIF($F83:$AJ83,"LM") -> 0 | AP83: =COUNTIF($F83:$AJ83,"FaC") -> 0 | AQ83: =COUNTIF($F83:$AJ83,"LxE") -> 0 | AR83: =COUNTIF($F83:$AJ83,"LA") -> 7 | AS83: =SUM(AO83:AR83) -> 7
A84: Contratado | B84: Perez, Kiara Brisa | C84: 47700706 | D84: Jorge Newbery 3827-Chacarita | E84: 11-6936-5743 | F84: P | G84: P | K84: P | L84: P | M84: P | P84: P | Q84: LLT | R84: P | S84: P | W84: LLT | X84: P | Y84: LLT | AB84: LLT | AC84: P | AD84: P | AE84: LTT | AI84: FA | AJ84: P | AM84: =IFS(AN84>3,"NO CORRESPONDE FRANCO",AS84>0,"NO CORRESPONDE FRANCO",AS84=0,"") -> NO CORRESPONDE FRANCO | AN84: =COUNTIF($F84:$AJ84,"LLT") -> 4 | AO84: =COUNTIF($F84:$AJ84,"LM") -> 0 | AP84: =COUNTIF($F84:$AJ84,"FaC") -> 0 | AQ84: =COUNTIF($F84:$AJ84,"LxE") -> 0 | AR84: =COUNTIF($F84:$AJ84,"LA") -> 0 | AS84: =SUM(AO84:AR84) -> 0
A85: Contratado | B85: Lichowid, Florencia Belen | C85: 37989596 | D85: Moelliere 2514- Villa real | E85: 11-6193-5454 | F85: P | G85: P | K85: P | L85: P | M85: P | P85: P | Q85: P | R85: P | S85: P | W85: P | X85: P | Y85: P | AB85: FA | AC85: P | AD85: P | AE85: P | AI85: P | AJ85: P | AM85: =IFS(AN85>3,"NO CORRESPONDE FRANCO",AS85>0,"NO CORRESPONDE FRANCO",AS85=0,"") | AN85: =COUNTIF($F85:$AJ85,"LLT") -> 0 | AO85: =COUNTIF($F85:$AJ85,"LM") -> 0 | AP85: =COUNTIF($F85:$AJ85,"FaC") -> 0 | AQ85: =COUNTIF($F85:$AJ85,"LxE") -> 0 | AR85: =COUNTIF($F85:$AJ85,"LA") -> 0 | AS85: =SUM(AO85:AR85) -> 0
A86: Contratado | B86: Ceballos Florencia Mariana | C86: 39911382 | D86: Corrales 1370- Nueva Pompeya | E86: 11-6871-0459 | F86: P | G86: P | K86: P | L86: CG | M86: P | P86: LLT | Q86: LLT | R86: P | S86: P | T86: P | W86: LM | X86: LM | Y86: LM | Z86: LM | AC86: LM | AD86: LM | AE86: LM | AI86: LM | AM86: =IFS(AN86>3,"NO CORRESPONDE FRANCO",AS86>0,"NO CORRESPONDE FRANCO",AS86=0,"") -> NO CORRESPONDE FRANCO | AN86: =COUNTIF($F86:$AJ86,"LLT") -> 2 | AO86: =COUNTIF($F86:$AJ86,"LM") -> 8 | AP86: =COUNTIF($F86:$AJ86,"FaC") -> 0 | AQ86: =COUNTIF($F86:$AJ86,"LxE") -> 0 | AR86: =COUNTIF($F86:$AJ86,"LA") -> 0 | AS86: =SUM(AO86:AR86) -> 8
A87: Contratado | B87: Martinez Raquel Fernanda | C87: 22986617 | D87: Sadi Carnos 636 - Villa Dominico | E87: 11-2316-3394 | F87: LLT | G87: P | K87: P | L87: LLT | M87: P | P87: P | Q87: P | R87: P | S87: LLT | W87: LLT | X87: LLT | Y87: LM | AB87: A | AC87: LM | AE87: LLT | AI87: P | AJ87: P | AM87: =IFS(AN87>3,"NO CORRESPONDE FRANCO",AS87>0,"NO CORRESPONDE FRANCO",AS87=0,"") -> NO CORRESPONDE FRANCO | AN87: =COUNTIF($F87:$AJ87,"LLT") -> 6 | AO87: =COUNTIF($F87:$AJ87,"LM") -> 2 | AP87: =COUNTIF($F87:$AJ87,"FaC") -> 0 | AQ87: =COUNTIF($F87:$AJ87,"LxE") -> 0 | AR87: =COUNTIF($F87:$AJ87,"LA") -> 0 | AS87: =SUM(AO87:AR87) -> 2
A88: Contratado | B88: Guerra Fernandez Chiara | C88: 45689445 | D88: Rauch 1169 - Caseros | E88: 11-3888-5336 | F88: P | G88: P | K88: P | L88: P | M88: P | P88: P | Q88: P | R88: P | S88: P | W88: P | X88: P | Y88: P | AB88: LLT | AC88: P | AD88: P | AE88: P | AI88: P | AJ88: p | AM88: =IFS(AN88>3,"NO CORRESPONDE FRANCO",AS88>0,"NO CORRESPONDE FRANCO",AS88=0,"") | AN88: =COUNTIF($F88:$AJ88,"LLT") -> 1 | AO88: =COUNTIF($F88:$AJ88,"LM") -> 0 | AP88: =COUNTIF($F88:$AJ88,"FaC") -> 0 | AQ88: =COUNTIF($F88:$AJ88,"LxE") -> 0 | AR88: =COUNTIF($F88:$AJ88,"LA") -> 0 | AS88: =SUM(AO88:AR88) -> 0
A89: Contratado | B89: Miranda, Pablo Ezequiel | C89: 47229174 | D89: Avelino Palacios 2547 - Castelar | E89: 11-2171-0929 | F89: LLT | G89: P | K89: P | L89: P | M89: LLT | P89: P | Q89: P | R89: LLT | S89: LLT | W89: P | X89: LLT | Y89: P | AB89: LA | AD89: LA | AE89: LA | AF89: LA | AG89: LA | AH89: LA | AI89: FA | AJ89: P | AM89: =IFS(AN89>3,"NO CORRESPONDE FRANCO",AS89>0,"NO CORRESPONDE FRANCO",AS89=0,"") -> NO CORRESPONDE FRANCO | AN89: =COUNTIF($F89:$AJ89,"LLT") -> 5 | AO89: =COUNTIF($F89:$AJ89,"LM") -> 0 | AP89: =COUNTIF($F89:$AJ89,"FaC") -> 0 | AQ89: =COUNTIF($F89:$AJ89,"LxE") -> 0 | AR89: =COUNTIF($F89:$AJ89,"LA") -> 6 | AS89: =SUM(AO89:AR89) -> 6
A91: SABADO Y DOMINGO DE 07 A TERMINAR - DE 19 A TERMINAR (FERIADOS SI) | F91: 1 | G91: 2 | H91: 3 | I91: 4 | J91: 5 | K91: 6 | L91: 7 | M91: 8 | N91: 9 | O91: 10 | P91: 11 | Q91: 12 | R91: 13 | S91: 14 | T91: 15 | U91: 16 | V91: 17 | W91: 18 | X91: 19 | Y91: 20 | Z91: 21 | AA91: 22 | AB91: 23 | AC91: 24 | AD91: 25 | AE91: 26 | AF91: 27 | AG91: 28 | AH91: 29 | AI91: 30 | AJ91: 31
A92: JERARQUIA | B92: NOMBRE Y APELLIDO | C92: LP/DNI | D92: DOMICILIO | E92: CELULAR | F92: S | G92: D | H92: L | I92: M | J92: M | K92: J | L92: V | M92: S | N92: D | O92: L | P92: M | Q92: M | R92: J | S92: V | T92: S | U92: D | V92: L | W92: M | X92: M | Y92: J | Z92: V | AA92: S | AB92: D | AC92: L | AD92: M | AE92: M | AF92: J | AG92: V | AH92: S | AI92: D | AJ92: L
A93: Nivel I | B93: Lobo, Carlos | C93: 12317 | D93: MEXICO 933 DERQUI PILAR | E93: 11-5465-0964 | F93: LA | G93: LA | H93: LA | I93: LA | J93: LA | M93: P | N93: P | T93: P | U93: P | AH93: P | AI93: P | AM93: =IFS(AN93>3,"NO CORRESPONDE FRANCO",AS93>0,"NO CORRESPONDE FRANCO",AS93=0,"") -> NO CORRESPONDE FRANCO | AN93: =COUNTIF($F93:$AJ93,"LLT") -> 0 | AO93: =COUNTIF($F93:$AJ93,"LM") -> 0 | AP93: =COUNTIF($F93:$AJ93,"FaC") -> 0 | AQ93: =COUNTIF($F93:$AJ93,"LxE") -> 0 | AR93: =COUNTIF($F93:$AJ93,"LA") -> 5 | AS93: =SUM(AO93:AR93) -> 5
A95: LUNES A VIERNES DE 19 A TERMINAR (FERIADOS SI) | F95: 1 | G95: 2 | H95: 3 | I95: 4 | J95: 5 | K95: 6 | L95: 7 | M95: 8 | N95: 9 | O95: 10 | P95: 11 | Q95: 12 | R95: 13 | S95: 14 | T95: 15 | U95: 16 | V95: 17 | W95: 18 | X95: 19 | Y95: 20 | Z95: 21 | AA95: 22 | AB95: 23 | AC95: 24 | AD95: 25 | AE95: 26 | AF95: 27 | AG95: 28 | AH95: 29 | AI95: 30 | AJ95: 31
A96: JERARQUIA | B96: NOMBRE Y APELLIDO | C96: LP/DNI | D96: DOMICILIO | E96: CELULAR | F96: S | G96: D | H96: L | I96: M | J96: M | K96: J | L96: V | M96: S | N96: D | O96: L | P96: M | Q96: M | R96: J | S96: V | T96: S | U96: D | V96: L | W96: M | X96: M | Y96: J | Z96: V | AA96: S | AB96: D | AC96: L | AD96: M | AE96: M | AF96: J | AG96: V | AH96: S | AI96: D | AJ96: L
A97: Nivel J | B97: MASTROVINCENZO, PABLO | C97: 11714 | D97: CORONEL CABRER 4929 - CABA | E97: 11-4409-4522 | AM97: =IFS(AN97>3,"NO CORRESPONDE FRANCO",AS97>0,"NO CORRESPONDE FRANCO",AS97=0,"") | AN97: =COUNTIF($F97:$AJ97,"LLT") -> 0 | AO97: =COUNTIF($F97:$AJ97,"LM") -> 0 | AP97: =COUNTIF($F97:$AJ97,"FaC") -> 0 | AQ97: =COUNTIF($F97:$AJ97,"LxE") -> 0 | AR97: =COUNTIF($F97:$AJ97,"LA") -> 0 | AS97: =SUM(AO97:AR97) -> 0
F98: =COUNTIF(F3:F89,"P") + COUNTIF(F3:F89, "LLT") -> 44 | G98: =COUNTIF(G3:G89,"P") + COUNTIF(G3:G89, "LLT") -> 33 | H98: =COUNTIF(H3:H89,"P") + COUNTIF(H3:H89, "LLT") -> 33 | I98: =COUNTIF(I3:I89,"P") + COUNTIF(I3:I89, "LLT") -> 30 | J98: =COUNTIF(J3:J89,"P") + COUNTIF(J3:J89, "LLT") -> 29 | K98: =COUNTIF(K3:K89,"P") + COUNTIF(K3:K89, "LLT") -> 27 | L98: =COUNTIF(L3:L89,"P") + COUNTIF(L3:L89, "LLT") -> 30 | M98: =COUNTIF(M3:M89,"P") + COUNTIF(M3:M89, "LLT") -> 37 | ... AI98: =COUNTIF(AI3:AI89,"P") + COUNTIF(AI3:AI89, "LLT") -> 25
F99: =COUNTIF(F5:F262,"P") + COUNTIF(F5:F262, "LLT") + COUNTIF(F5:F262, "FA") + COUNTIF(F5:F262, "A") + COUNTIF(F5:F262, "LM") + COUNTIF(F5:F262, "LA") + COUNTIF(F5:F262, "FAC") + COUNTIF(F5:F262, "LXF") + COUNTIF(F5:F262, "LXE") + COUNTIF(F5:F262, "LXM") -> 47 | G99: =COUNTIF(G5:G262,"P") + COUNTIF(G5:G262, "LLT") + COUNTIF(G5:G262, "FA") + COUNTIF(G5:G262, "A") + COUNTIF(G5:G262, "LM") + COUNTIF(G5:G262, "LA") + COUNTIF(G5:G262, "FAC") + COUNTIF(G5:G262, "LXF") + COUNTIF(G5:G262, "LXE") + COUNTIF(G5:G262, "LXM") -> 35 | H99: =COUNTIF(H5:H262,"P") + COUNTIF(H5:H262, "LLT") + COUNTIF(H5:H262, "FA") + COUNTIF(H5:H262, "A") + COUNTIF(H5:H262, "LM") + COUNTIF(H5:H262, "LA") + COUNTIF(H5:H262, "FAC") + COUNTIF(H5:H262, "LXF") + COUNTIF(H5:H262, "LXE") + COUNTIF(H5:H262, "LXM") -> 35 | I99: =COUNTIF(I5:I262,"P") + COUNTIF(I5:I262, "LLT") + COUNTIF(I5:I262, "FA") + COUNTIF(I5:I262, "A") + COUNTIF(I5:I262, "LM") + COUNTIF(I5:I262, "LA") + COUNTIF(I5:I262, "FAC") + COUNTIF(I5:I262, "LXF") + COUNTIF(I5:I262, "LXE") + COUNTIF(I5:I262, "LXM") -> 35 | J99: =COUNTIF(J5:J262,"P") + COUNTIF(J5:J262, "LLT") + COUNTIF(J5:J262, "FA") + COUNTIF(J5:J262, "A") + COUNTIF(J5:J262, "LM") + COUNTIF(J5:J262, "LA") + COUNTIF(J5:J262, "FAC") + COUNTIF(J5:J262, "LXF") + COUNTIF(J5:J262, "LXE") + COUNTIF(J5:J262, "LXM") -> 36 | K99: =COUNTIF(K5:K262,"P") + COUNTIF(K5:K262, "LLT") + COUNTIF(K5:K262, "FA") + COUNTIF(K5:K262, "A") + COUNTIF(K5:K262, "LM") + COUNTIF(K5:K262, "LA") + COUNTIF(K5:K262, "FAC") + COUNTIF(K5:K262, "LXF") + COUNTIF(K5:K262, "LXE") + COUNTIF(K5:K262, "LXM") -> 33 | L99: =COUNTIF(L5:L262,"P") + COUNTIF(L5:L262, "LLT") + COUNTIF(L5:L262, "FA") + COUNTIF(L5:L262, "A") + COUNTIF(L5:L262, "LM") + COUNTIF(L5:L262, "LA") + COUNTIF(L5:L262, "FAC") + COUNTIF(L5:L262, "LXF") + COUNTIF(L5:L262, "LXE") + COUNTIF(L5:L262, "LXM") -> 36 | M99: =COUNTIF(M5:M262,"P") + COUNTIF(M5:M262, "LLT") + COUNTIF(M5:M262, "FA") + COUNTIF(M5:M262, "A") + COUNTIF(M5:M262, "LM") + COUNTIF(M5:M262, "LA") + COUNTIF(M5:M262, "FAC") + COUNTIF(M5:M262, "LXF") + COUNTIF(M5:M262, "LXE") + COUNTIF(M5:M262, "LXM") -> 46 | ... AI99: =COUNTIF(AI5:AI262,"P") + COUNTIF(AI5:AI262, "LLT") + COUNTIF(AI5:AI262, "FA") + COUNTIF(AI5:AI262, "A") + COUNTIF(AI5:AI262, "LM") + COUNTIF(AI5:AI262, "LA") + COUNTIF(AI5:AI262, "FAC") + COUNTIF(AI5:AI262, "LXF") + COUNTIF(AI5:AI262, "LXE") + COUNTIF(AI5:AI262, "LXM") -> 36

Sheet TURNO NOCHE 22 A 06 HS 
A1: GRUPO ¨A¨ TN - 22A 06 HS | F1: 1 | G1: 2 | H1: 3 | I1: 4 | J1: 5 | K1: 6 | L1: 7 | M1: 8 | N1: 9 | O1: 10 | P1: 11 | Q1: 12 | R1: 13 | S1: 14 | T1: 15 | U1: 16 | V1: 17 | W1: 18 | X1: 19 | Y1: 20 | Z1: 21 | AA1: 22 | AB1: 23 | AC1: 24 | AD1: 25 | AE1: 26 | AF1: 27 | AG1: 28 | AH1: 29 | AI1: 30 | AJ1: 31
A2: JERARQUIA | B2: NOMBRE Y APELLIDO | C2: LP/DNI | D2: DOMICILIO | E2: CELULAR | F2: S | G2: D | H2: L | I2: M | J2: M | K2: J | L2: V | M2: S | N2: D | O2: L | P2: M | Q2: M | R2: J | S2: V | T2: S | U2: D | V2: L | W2: M | X2: M | Y2: J | Z2: V | AA2: S | AB2: D | AC2: L | AD2: M | AE2: M | AF2: J | AG2: V | AH2: S | AI2: D | AJ2: L | AK2: OBSERVACIONES | AM2: Observaciones | AN2: LLT | AO2: LM | AP2: FAC | AQ2: LXE | AR2: LA
A3: Contratado | B3: Guerra, Alejo | C3: 44262710 | D3: Don orione 2909 - Lanus Oeste | E3: 11-3862-9461 | F3: P | G3: P | H3: LLT | L3: LLT | M3: P | N3: P | O3: P | R3: P | S3: LLT | T3: P | X3: P | Y3: LLT | Z3: P | AA3: P | AD3: LLT | AE3: P | AF3: P | AJ3: P | AM3: =IFS(AN3>3,"NO CORRESPONDE FRANCO",AS3>0,"NO CORRESPONDE FRANCO",AS3=0,"") -> NO CORRESPONDE FRANCO | AN3: =COUNTIF($F3:$AJ3,"LLT") -> 5 | AO3: =COUNTIF($F3:$AJ3,"LM") -> 0 | AP3: =COUNTIF($F3:$AJ3,"FaC") -> 0 | AQ3: =COUNTIF($F3:$AJ3,"LxE") -> 0 | AR3: =COUNTIF($F3:$AJ3,"LA") -> 0 | AS3: =SUM(AO3:AR3) -> 0
A4: Contratado | B4: Ponce de León, Cindy Maribel | C4: 38863901 | D4: Pinzon 3077 - Moreno | E4: 11-3689-9612 | F4: LLT | G4: LLT | H4: LLT | I4: P | L4: LLT | M4: P | N4: P | O4: A | R4: LA | S4: LA | T4: LA | U4: LA | V4: LA | W4: LA | X4: LA | Y4: P | Z4: P | AA4: LLT | AD4: LLT | AE4: LM | AF4: P | AJ4: CG | AM4: =IFS(AN4>3,"NO CORRESPONDE FRANCO",AS4>0,"NO CORRESPONDE FRANCO",AS4=0,"") -> NO CORRESPONDE FRANCO | AN4: =COUNTIF($F4:$AJ4,"LLT") -> 6 | AO4: =COUNTIF($F4:$AJ4,"LM") -> 1 | AP4: =COUNTIF($F4:$AJ4,"FaC") -> 0 | AQ4: =COUNTIF($F4:$AJ4,"LxE") -> 0 | AR4: =COUNTIF($F4:$AJ4,"LA") -> 7 | AS4: =SUM(AO4:AR4) -> 8
A5: Contratado | B5: Rigoni, Valentina | C5: 45756657 | D5: Polonia 243 - Lavallol | E5: 11- 6027-9997 | F5: LLT | G5: LLT | H5: LLT | J5: LLT | L5: LLT | M5: CG | N5: P | O5: LLT | R5: LLT | S5: LLT | T5: LLT | X5: LA | Y5: LA | Z5: LA | AA5: LA | AB5: LA | AC5: LA | AD5: LA | AE5: LLT | AF5: LLT | AJ5: LLT | AM5: =IFS(AN5>3,"NO CORRESPONDE FRANCO",AS5>0,"NO CORRESPONDE FRANCO",AS5=0,"") -> NO CORRESPONDE FRANCO | AN5: =COUNTIF($F5:$AJ5,"LLT") -> 12 | AO5: =COUNTIF($F5:$AJ5,"LM") -> 0 | AP5: =COUNTIF($F5:$AJ5,"FaC") -> 0 | AQ5: =COUNTIF($F5:$AJ5,"LxE") -> 0 | AR5: =COUNTIF($F5:$AJ5,"LA") -> 7 | AS5: =SUM(AO5:AR5) -> 7
A6: Contratado | B6: Martinez, Daiana Elizabeth | C6: 35820013 | D6: Carabelas 4173 - Villa Dominico | E6: 11-5834-1938 | F6: P | G6: P | H6: P | L6: P | M6: P | N6: A | O6: P | R6: LLT | S6: P | T6: FA | X6: P | Y6: P | Z6: P | AA6: LM | AD6: P | AE6: P | AF6: P | AJ6: P | AM6: =IFS(AN6>3,"NO CORRESPONDE FRANCO",AS6>0,"NO CORRESPONDE FRANCO",AS6=0,"") -> NO CORRESPONDE FRANCO | AN6: =COUNTIF($F6:$AJ6,"LLT") -> 1 | AO6: =COUNTIF($F6:$AJ6,"LM") -> 1 | AP6: =COUNTIF($F6:$AJ6,"FaC") -> 0 | AQ6: =COUNTIF($F6:$AJ6,"LxE") -> 0 | AR6: =COUNTIF($F6:$AJ6,"LA") -> 0 | AS6: =SUM(AO6:AR6) -> 1
A7: Contratado | B7: Sosa Débora Sabrina | C7: 38862287 | D7: Nueva York 11750 - Virrey del Pino | E7: 11-3025-9267 | F7: P | G7: P | H7: P | L7: P | M7: P | N7: P | O7: P | R7: P | S7: LLT | T7: P | X7: P | Y7: P | Z7: P | AA7: P | AD7: P | AE7: P | AF7: P | AJ7: P | AM7: =IFS(AN7>3,"NO CORRESPONDE FRANCO",AS7>0,"NO CORRESPONDE FRANCO",AS7=0,"") | AN7: =COUNTIF($F7:$AJ7,"LLT") -> 1 | AO7: =COUNTIF($F7:$AJ7,"LM") -> 0 | AP7: =COUNTIF($F7:$AJ7,"FaC") -> 0 | AQ7: =COUNTIF($F7:$AJ7,"LxE") -> 0 | AR7: =COUNTIF($F7:$AJ7,"LA") -> 0 | AS7: =SUM(AO7:AR7) -> 0
A8: Contratado | B8: Celestino Candela | C8: 42826754 | D8: Bermejo 5077 - San Justo | E8: 11-2561-2825 | F8: LM | G8: P | H8: P | L8: LA | M8: LA | N8: LA | O8: LA | P8: LA | Q8: LA | R8: LA | X8: P | Z8: P | AA8: P | AD8: p | AE8: P | AF8: P | AJ8: P | AM8: =IFS(AN8>3,"NO CORRESPONDE FRANCO",AS8>0,"NO CORRESPONDE FRANCO",AS8=0,"") -> NO CORRESPONDE FRANCO | AN8: =COUNTIF($F8:$AJ8,"LLT") -> 0 | AO8: =COUNTIF($F8:$AJ8,"LM") -> 1 | AP8: =COUNTIF($F8:$AJ8,"FaC") -> 0 | AQ8: =COUNTIF($F8:$AJ8,"LxE") -> 0 | AR8: =COUNTIF($F8:$AJ8,"LA") -> 7 | AS8: =SUM(AO8:AR8) -> 8
A9: Contratado | B9: Veidovsky Ruben Maximo | C9: 46703748 | D9: Paris 2236 - Isidro Casanova | E9: 11-4022-6300 | F9: LA | G9: LA | H9: LM | L9: P | M9: P | N9: P | O9: LLT | R9: P | S9: P | T9: P | X9: P | Y9: P | Z9: LM | AA9: LM | AD9: LXE | AE9: P | AF9: P | AJ9: P | AM9: =IFS(AN9>3,"NO CORRESPONDE FRANCO",AS9>0,"NO CORRESPONDE FRANCO",AS9=0,"") -> NO CORRESPONDE FRANCO | AN9: =COUNTIF($F9:$AJ9,"LLT") -> 1 | AO9: =COUNTIF($F9:$AJ9,"LM") -> 3 | AP9: =COUNTIF($F9:$AJ9,"FaC") -> 0 | AQ9: =COUNTIF($F9:$AJ9,"LxE") -> 1 | AR9: =COUNTIF($F9:$AJ9,"LA") -> 2 | AS9: =SUM(AO9:AR9) -> 6
A10: Contratado | B10: Muñoz Zapata Fabian Andres | C10: 94485552 | D10: Riglos 108, CABA | E10: 1124571454 | F10: P | G10: P | H10: P | L10: P | M10: P | N10: LLT | O10: P | R10: P | S10: P | T10: P | X10: LLT | Y10: P | Z10: P | AA10: P | AD10: p | AE10: P | AF10: P | AJ10: P | AM10: =IFS(AN10>3,"NO CORRESPONDE FRANCO",AS10>0,"NO CORRESPONDE FRANCO",AS10=0,"") | AN10: =COUNTIF($F10:$AJ10,"LLT") -> 2 | AO10: =COUNTIF($F10:$AJ10,"LM") -> 0 | AP10: =COUNTIF($F10:$AJ10,"FaC") -> 0 | AQ10: =COUNTIF($F10:$AJ10,"LxE") -> 0 | AR10: =COUNTIF($F10:$AJ10,"LA") -> 0 | AS10: =SUM(AO10:AR10) -> 0
A12: GRUPO "B" TN - 22 A 06 HS | F12: 1 | G12: 2 | H12: 3 | I12: 4 | J12: 5 | K12: 6 | L12: 7 | M12: 8 | N12: 9 | O12: 10 | P12: 11 | Q12: 12 | R12: 13 | S12: 14 | T12: 15 | U12: 16 | V12: 17 | W12: 18 | X12: 19 | Y12: 20 | Z12: 21 | AA12: 22 | AB12: 23 | AC12: 24 | AD12: 25 | AE12: 26 | AF12: 27 | AG12: 28 | AH12: 29 | AI12: 30 | AJ12: 31 | AN12: =COUNTIF($F12:$AJ12,"LLT") -> 0 | AO12: =COUNTIF($F12:$AJ12,"LM") -> 0 | AP12: =COUNTIF($F12:$AJ12,"FaC") -> 0 | AQ12: =COUNTIF($F12:$AJ12,"LxE") -> 0 | AR12: =COUNTIF($F12:$AJ12,"LA") -> 0 | AS12: =SUM(AO12:AR12) -> 0
A13: JERARQUIA | B13: NOMBRE Y APELLIDO | C13: LP/DNI | D13: DOMICILIO | E13: CELULAR | F13: S | G13: D | H13: L | I13: M | J13: M | K13: J | L13: V | M13: S | N13: D | O13: L | P13: M | Q13: M | R13: J | S13: V | T13: S | U13: D | V13: L | W13: M | X13: M | Y13: J | Z13: V | AA13: S | AB13: D | AC13: L | AD13: M | AE13: M | AF13: J | AG13: V | AH13: S | AI13: D | AJ13: L | AN13: =COUNTIF($F13:$AJ13,"LLT") -> 0 | AO13: =COUNTIF($F13:$AJ13,"LM") -> 0 | AP13: =COUNTIF($F13:$AJ13,"FaC") -> 0 | AQ13: =COUNTIF($F13:$AJ13,"LxE") -> 0 | AR13: =COUNTIF($F13:$AJ13,"LA") -> 0 | AS13: =SUM(AO13:AR13) -> 0
A14: Contratado | B14: Meza, Romina | C14: 39712754 | D14: Juan Manuel de Rosas 28459 - Virrey del Pino | E14: 11-7099-8543 | F14: LLT | G14: P | H14: P | I14: P | M14: P | N14: P | O14: P | R14: P | S14: P | T14: LLT | U14: LLT | Y14: P | Z14: P | AA14: LLT | AD14: P | AE14: P | AF14: P | AG14: P | AM14: =IFS(AN14>3,"NO CORRESPONDE FRANCO",AS14>0,"NO CORRESPONDE FRANCO",AS14=0,"") -> NO CORRESPONDE FRANCO | AN14: =COUNTIF($F14:$AJ14,"LLT") -> 4 | AO14: =COUNTIF($F14:$AJ14,"LM") -> 0 | AP14: =COUNTIF($F14:$AJ14,"FaC") -> 0 | AQ14: =COUNTIF($F14:$AJ14,"LxE") -> 0 | AR14: =COUNTIF($F14:$AJ14,"LA") -> 0 | AS14: =SUM(AO14:AR14) -> 0
A15: Contratado | B15: Romero, Valentina Ludmila | C15: 46421021 | D15: Calle 838 N°2534 - San Francisco Solano | E15: 11-6104-9189 | F15: P | G15: P | H15: P | I15: P | M15: P | N15: P | O15: LLT | R15: P | S15: LLT | T15: P | U15: LM | Y15: LA | Z15: LA | AA15: LA | AB15: LA | AC15: LA | AD15: LA | AE15: LA | AG15: LM | AM15: =IFS(AN15>3,"NO CORRESPONDE FRANCO",AS15>0,"NO CORRESPONDE FRANCO",AS15=0,"") -> NO CORRESPONDE FRANCO | AN15: =COUNTIF($F15:$AJ15,"LLT") -> 2 | AO15: =COUNTIF($F15:$AJ15,"LM") -> 2 | AP15: =COUNTIF($F15:$AJ15,"FaC") -> 0 | AQ15: =COUNTIF($F15:$AJ15,"LxE") -> 0 | AR15: =COUNTIF($F15:$AJ15,"LA") -> 7 | AS15: =SUM(AO15:AR15) -> 9
A16: Contratado | B16: Valdiviezo, Hector | C16: 28612204 | D16: Mexico 1132 - CABA | E16: 11-7905-4188 | F16: P | G16: LLT | H16: P | I16: P | M16: P | N16: LLT | O16: LLT | R16: P | S16: P | T16: P | U16: LLT | Y16: P | Z16: P | AA16: P | AD16: p | AE16: P | AG16: LLT | AM16: =IFS(AN16>3,"NO CORRESPONDE FRANCO",AS16>0,"NO CORRESPONDE FRANCO",AS16=0,"") -> NO CORRESPONDE FRANCO | AN16: =COUNTIF($F16:$AJ16,"LLT") -> 5 | AO16: =COUNTIF($F16:$AJ16,"LM") -> 0 | AP16: =COUNTIF($F16:$AJ16,"FaC") -> 0 | AQ16: =COUNTIF($F16:$AJ16,"LxE") -> 0 | AR16: =COUNTIF($F16:$AJ16,"LA") -> 0 | AS16: =SUM(AO16:AR16) -> 0
A17: Contratado | B17: Fedelle, Sandra Analía | C17: 34210219 | D17: CORONDA 1910 - Merlo | E17: 11-3013-5273 | F17: LA | G17: LA | H17: LA | I17: CG | M17: LLT | N17: LM | O17: LM | R17: P | S17: P | T17: LM | U17: P | Y17: LLT | Z17: P | AA17: P | AD17: P | AE17: LLT | AF17: P | AG17: P | AJ17: LLT | AM17: =IFS(AN17>3,"NO CORRESPONDE FRANCO",AS17>0,"NO CORRESPONDE FRANCO",AS17=0,"") -> NO CORRESPONDE FRANCO | AN17: =COUNTIF($F17:$AJ17,"LLT") -> 4 | AO17: =COUNTIF($F17:$AJ17,"LM") -> 3 | AP17: =COUNTIF($F17:$AJ17,"FaC") -> 0 | AQ17: =COUNTIF($F17:$AJ17,"LxE") -> 0 | AR17: =COUNTIF($F17:$AJ17,"LA") -> 3 | AS17: =SUM(AO17:AR17) -> 6
A18: Contratado | B18: Cruz Lara Yolaidy Mercedes | C18: 95372579 | D18: Av. Corrientes 1670 - CABA | E18: 11-6287-5460 | F18: LA | G18: LA | H18: GRUPO E 22 A 06 PUERTO MADERO | AM18: =IFS(AN18>3,"NO CORRESPONDE FRANCO",AS18>0,"NO CORRESPONDE FRANCO",AS18=0,"") -> NO CORRESPONDE FRANCO | AN18: =COUNTIF($F18:$AJ18,"LLT") -> 0 | AO18: =COUNTIF($F18:$AJ18,"LM") -> 0 | AP18: =COUNTIF($F18:$AJ18,"FaC") -> 0 | AQ18: =COUNTIF($F18:$AJ18,"LxE") -> 0 | AR18: =COUNTIF($F18:$AJ18,"LA") -> 2 | AS18: =SUM(AO18:AR18) -> 2
A19: Contratado | B19: Gonzalez Torales Araceli | C19: 94914642 | D19: Charrua y calle 10 - CABA | E19: 11-5604-6718 | F19: LLT | G19: P | H19: P | I19: LLT | M19: P | N19: LLT | O19: LLT | R19: P | S19: P | T19: LLT | U19: LM | V19: LA | W19: LA | X19: LA | Y19: LA | Z19: LA | AA19: LA | AB19: LA | AC19: LA | AD19: LA | AE19: LA | AF19: LM | AG19: LM | AM19: =IFS(AN19>3,"NO CORRESPONDE FRANCO",AS19>0,"NO CORRESPONDE FRANCO",AS19=0,"") -> NO CORRESPONDE FRANCO | AN19: =COUNTIF($F19:$AJ19,"LLT") -> 5 | AO19: =COUNTIF($F19:$AJ19,"LM") -> 3 | AP19: =COUNTIF($F19:$AJ19,"FaC") -> 0 | AQ19: =COUNTIF($F19:$AJ19,"LxE") -> 0 | AR19: =COUNTIF($F19:$AJ19,"LA") -> 10 | AS19: =SUM(AO19:AR19) -> 13
A20: Contratado | B20: Maciel Jorge | C20: 33122187 | D20: Virgenes 2925 - Laferrere | E20: 11-5484-4691 | F20: P | G20: P | H20: P | I20: P | M20: P | N20: P | O20: P | R20: P | S20: P | T20: LLT | U20: P | Y20: LA | Z20: LA | AA20: LA | AB20: LA | AC20: LA | AD20: LA | AE20: LA | AF20: P | AG20: P | AM20: =IFS(AN20>3,"NO CORRESPONDE FRANCO",AS20>0,"NO CORRESPONDE FRANCO",AS20=0,"") -> NO CORRESPONDE FRANCO | AN20: =COUNTIF($F20:$AJ20,"LLT") -> 1 | AO20: =COUNTIF($F20:$AJ20,"LM") -> 0 | AP20: =COUNTIF($F20:$AJ20,"FaC") -> 0 | AQ20: =COUNTIF($F20:$AJ20,"LxE") -> 0 | AR20: =COUNTIF($F20:$AJ20,"LA") -> 7 | AS20: =SUM(AO20:AR20) -> 7
A21: Contratado | B21: Enriquez Melani Rocio | C21: 43629203 | D21: Av. Independencia 1735 - CABA | E21: 11-3925-3027 | F21: P | G21: P | H21: GRUPO E 22 A 06 PUERTO MADERO | AM21: =IFS(AN21>3,"NO CORRESPONDE FRANCO",AS21>0,"NO CORRESPONDE FRANCO",AS21=0,"") | AN21: =COUNTIF($F21:$AJ21,"LLT") -> 0 | AO21: =COUNTIF($F21:$AJ21,"LM") -> 0 | AP21: =COUNTIF($F21:$AJ21,"FaC") -> 0 | AQ21: =COUNTIF($F21:$AJ21,"LxE") -> 0 | AR21: =COUNTIF($F21:$AJ21,"LA") -> 0 | AS21: =SUM(AO21:AR21) -> 0
A23: GRUPO "C" TN - 22 A 06 HS | F23: 1 | G23: 2 | H23: 3 | I23: 4 | J23: 5 | K23: 6 | L23: 7 | M23: 8 | N23: 9 | O23: 10 | P23: 11 | Q23: 12 | R23: 13 | S23: 14 | T23: 15 | U23: 16 | V23: 17 | W23: 18 | X23: 19 | Y23: 20 | Z23: 21 | AA23: 22 | AB23: 23 | AC23: 24 | AD23: 25 | AE23: 26 | AF23: 27 | AG23: 28 | AH23: 29 | AI23: 30 | AJ23: 31
A24: JERARQUIA | B24: NOMBRE Y APELLIDO | C24: LP/DNI | D24: DOMICILIO | E24: CELULAR | F24: S | G24: D | H24: L | I24: M | J24: M | K24: J | L24: V | M24: S | N24: D | O24: L | P24: M | Q24: M | R24: J | S24: V | T24: S | U24: D | V24: L | W24: M | X24: M | Y24: J | Z24: V | AA24: S | AB24: D | AC24: L | AD24: M | AE24: M | AF24: J | AG24: V | AH24: S | AI24: D | AJ24: L
A25: Contratado | B25: Campos Gutierrez, Judith Johanna Angie | C25: 41912932 | D25: Avda. Santa Fe 2131 - CABA | E25: 11-2762-8251 | I25: P | J25: LLT | K25: LLT | N25: P | O25: LLT | P25: LM | Q25: P | U25: LLT | V25: LLT | W25: P | Z25: LLT | AA25: P | AB25: LM | AC25: LLT | AG25: LM | AH25: LM | AI25: P | AM25: =IFS(AN25>3,"NO CORRESPONDE FRANCO",AS25>0,"NO CORRESPONDE FRANCO",AS25=0,"") -> NO CORRESPONDE FRANCO | AN25: =COUNTIF($F25:$AJ25,"LLT") -> 7 | AO25: =COUNTIF($F25:$AJ25,"LM") -> 4 | AP25: =COUNTIF($F25:$AJ25,"FaC") -> 0 | AQ25: =COUNTIF($F25:$AJ25,"LxE") -> 0 | AR25: =COUNTIF($F25:$AJ25,"LA") -> 0 | AS25: =SUM(AO25:AR25) -> 4
A26: Contratado | B26: Cabral, Natalia | C26: 37679065 | D26: Asunción 3350 - Ciudadela | E26: 11-6360-5342 | I26: P | J26: LLT | K26: LM | L26: LM | N26: LM | O26: LM | P26: LM | Q26: LM | U26: LLT | V26: LM | W26: LA | X26: LA | Y26: LA | Z26: LA | AA26: LA | AB26: LA | AC26: LA | AG26: P | AH26: LM | AI26: P | AM26: =IFS(AN26>3,"NO CORRESPONDE FRANCO",AS26>0,"NO CORRESPONDE FRANCO",AS26=0,"") -> NO CORRESPONDE FRANCO | AN26: =COUNTIF($F26:$AJ26,"LLT") -> 2 | AO26: =COUNTIF($F26:$AJ26,"LM") -> 8 | AP26: =COUNTIF($F26:$AJ26,"FaC") -> 0 | AQ26: =COUNTIF($F26:$AJ26,"LxE") -> 0 | AR26: =COUNTIF($F26:$AJ26,"LA") -> 7 | AS26: =SUM(AO26:AR26) -> 15
A27: Contratado | B27: Schirripa,Esteban | C27: 22310347 | D27: Ascasubi 5660 - Gregorio de Laferrere | E27: 113788-0351 | I27: P | J27: P | K27: P | N27: P | O27: P | P27: P | Q27: P | U27: P | V27: P | W27: P | Z27: P | AA27: P | AB27: P | AC27: P | AG27: P | AH27: P | AI27: LM | AJ27: LM | AM27: =IFS(AN27>3,"NO CORRESPONDE FRANCO",AS27>0,"NO CORRESPONDE FRANCO",AS27=0,"") -> NO CORRESPONDE FRANCO | AN27: =COUNTIF($F27:$AJ27,"LLT") -> 0 | AO27: =COUNTIF($F27:$AJ27,"LM") -> 2 | AP27: =COUNTIF($F27:$AJ27,"FaC") -> 0 | AQ27: =COUNTIF($F27:$AJ27,"LxE") -> 0 | AR27: =COUNTIF($F27:$AJ27,"LA") -> 0 | AS27: =SUM(AO27:AR27) -> 2
A28: Contratado | B28: Lobos Lucrecia | C28: 28898771 | D28: Balbastro 2739 pb 3 - CABA | E28: 11-2530-0193 | I28: LXE | J28: LLT | K28: P | N28: P | O28: P | P28: LM | Q28: LM | U28: LLT | V28: LLT | W28: P | Z28: CG | AA28: LLT | AB28: LLT | AC28: LLT | AE28: LLT | AG28: LLT | AH28: P | AI28: P | AM28: =IFS(AN28>3,"NO CORRESPONDE FRANCO",AS28>0,"NO CORRESPONDE FRANCO",AS28=0,"") -> NO CORRESPONDE FRANCO | AN28: =COUNTIF($F28:$AJ28,"LLT") -> 8 | AO28: =COUNTIF($F28:$AJ28,"LM") -> 2 | AP28: =COUNTIF($F28:$AJ28,"FaC") -> 0 | AQ28: =COUNTIF($F28:$AJ28,"LxE") -> 1 | AR28: =COUNTIF($F28:$AJ28,"LA") -> 0 | AS28: =SUM(AO28:AR28) -> 3
A29: Contratado | B29: Ravallo, Luciano Alfio | C29: 38026420 | D29: Founrouge 44 - CABA | E29: 11-3201-1714 | I29: P | J29: P | K29: P | N29: FA | O29: P | P29: P | Q29: P | U29: P | V29: P | W29: P | Z29: P | AA29: P | AB29: P | AC29: P | AG29: P | AH29: P | AI29: P | AM29: =IFS(AN29>3,"NO CORRESPONDE FRANCO",AS29>0,"NO CORRESPONDE FRANCO",AS29=0,"") | AN29: =COUNTIF($F29:$AJ29,"LLT") -> 0 | AO29: =COUNTIF($F29:$AJ29,"LM") -> 0 | AP29: =COUNTIF($F29:$AJ29,"FaC") -> 0 | AQ29: =COUNTIF($F29:$AJ29,"LxE") -> 0 | AR29: =COUNTIF($F29:$AJ29,"LA") -> 0 | AS29: =SUM(AO29:AR29) -> 0
A30: Contratado | B30: Reyes, Claudia | C30: 36845661 | D30: Plumerillo 3670 - CABA | E30: 11-6111-0972 | I30: P | J30: P | K30: P | N30: P | O30: P | P30: P | Q30: FA | U30: P | V30: P | W30: P | Z30: FA | AA30: P | AB30: P | AC30: P | AG30: P | AH30: LLT | AI30: P | AM30: =IFS(AN30>3,"NO CORRESPONDE FRANCO",AS30>0,"NO CORRESPONDE FRANCO",AS30=0,"") | AN30: =COUNTIF($F30:$AJ30,"LLT") -> 1 | AO30: =COUNTIF($F30:$AJ30,"LM") -> 0 | AP30: =COUNTIF($F30:$AJ30,"FaC") -> 0 | AQ30: =COUNTIF($F30:$AJ30,"LxE") -> 0 | AR30: =COUNTIF($F30:$AJ30,"LA") -> 0 | AS30: =SUM(AO30:AR30) -> 0
A31: Contratado | B31: Muñoz, Agostina Belén | C31: 39561148 | D31: Calle 120 - Guernica | E31: 11 3405-1443 | I31: P | J31: P | K31: P | N31: P | O31: P | P31: P | Q31: P | U31: FA | V31: P | W31: P | Z31: P | AA31: FA | AB31: P | AC31: P | AG31: P | AH31: P | AI31: LLT | AM31: =IFS(AN31>3,"NO CORRESPONDE FRANCO",AS31>0,"NO CORRESPONDE FRANCO",AS31=0,"") | AN31: =COUNTIF($F31:$AJ31,"LLT") -> 1 | AO31: =COUNTIF($F31:$AJ31,"LM") -> 0 | AP31: =COUNTIF($F31:$AJ31,"FaC") -> 0 | AQ31: =COUNTIF($F31:$AJ31,"LxE") -> 0 | AR31: =COUNTIF($F31:$AJ31,"LA") -> 0 | AS31: =SUM(AO31:AR31) -> 0
A32: Contratado | B32: Montiel, Juan Ramon | C32: 46252382 | D32: Condarco 4997 - San Justo | E32: 370-456-1013 | I32: LLT | J32: LLT | K32: P | N32: LLT | O32: P | P32: LLT | Q32: P | AM32: =IFS(AN32>3,"NO CORRESPONDE FRANCO",AS32>0,"NO CORRESPONDE FRANCO",AS32=0,"") -> NO CORRESPONDE FRANCO | AN32: =COUNTIF($F32:$AJ32,"LLT") -> 4 | AO32: =COUNTIF($F32:$AJ32,"LM") -> 0 | AP32: =COUNTIF($F32:$AJ32,"FaC") -> 0 | AQ32: =COUNTIF($F32:$AJ32,"LxE") -> 0 | AR32: =COUNTIF($F32:$AJ32,"LA") -> 0 | AS32: =SUM(AO32:AR32) -> 0
A33: Contratado | B33: Cano, Analía | C33: 96081789 | D33: Iguazu 1850 - Barracas | E33: 11 5136-5122 | F33: LLT | G33: LLT | K33: FA | L33: P | M33: P | P33: P | Q33: P | U33: P | V33: P | W33: P | Z33: P | AA33: P | AB33: P | AC33: FA | AG33: P | AH33: LLT | AI33: P | AM33: =IFS(AN33>3,"NO CORRESPONDE FRANCO",AS33>0,"NO CORRESPONDE FRANCO",AS33=0,"") | AN33: =COUNTIF($F33:$AJ33,"LLT") -> 3 | AO33: =COUNTIF($F33:$AJ33,"LM") -> 0 | AP33: =COUNTIF($F33:$AJ33,"FaC") -> 0 | AQ33: =COUNTIF($F33:$AJ33,"LxE") -> 0 | AR33: =COUNTIF($F33:$AJ33,"LA") -> 0 | AS33: =SUM(AO33:AR33) -> 0
A34: Contratado | B34: Gomez Claudia | C34: 41204026 | D34: Chorroarin 1031 - Lanús | E34: 11-2849-8947 | I34: A | J34: A | K34: A | N34: A | O34: A | P34: A | Q34: A | U34: A | V34: A | W34: DEJA DE PERTENECER A LA DIVISÓN | AM34: =IFS(AN34>3,"NO CORRESPONDE FRANCO",AS34>0,"NO CORRESPONDE FRANCO",AS34=0,"") | AN34: =COUNTIF($F34:$AJ34,"LLT") -> 0 | AO34: =COUNTIF($F34:$AJ34,"LM") -> 0 | AP34: =COUNTIF($F34:$AJ34,"FaC") -> 0 | AQ34: =COUNTIF($F34:$AJ34,"LxE") -> 0 | AR34: =COUNTIF($F34:$AJ34,"LA") -> 0 | AS34: =SUM(AO34:AR34) -> 0
A36: GRUPO "D" TN - 22 A 06 HS | F36: 1 | G36: 2 | H36: 3 | I36: 4 | J36: 5 | K36: 6 | L36: 7 | M36: 8 | N36: 9 | O36: 10 | P36: 11 | Q36: 12 | R36: 13 | S36: 14 | T36: 15 | U36: 16 | V36: 17 | W36: 18 | X36: 19 | Y36: 20 | Z36: 21 | AA36: 22 | AB36: 23 | AC36: 24 | AD36: 25 | AE36: 26 | AF36: 27 | AG36: 28 | AH36: 29 | AI36: 30 | AJ36: 31
A37: JERARQUIA | B37: NOMBRE Y APELLIDO | C37: LP/DNI | D37: DOMICILIO | E37: CELULAR | F37: S | G37: D | H37: L | I37: M | J37: M | K37: J | L37: V | M37: S | N37: D | O37: L | P37: M | Q37: M | R37: J | S37: V | T37: S | U37: D | V37: L | W37: M | X37: M | Y37: J | Z37: V | AA37: S | AB37: D | AC37: L | AD37: M | AE37: M | AF37: J | AG37: V | AH37: S | AI37: D | AJ37: L
A38: Contratado | B38: Quiroga, Jaquelina Anabel | C38: 34059155 | D38: Primera Junta 58. Villa Madero | E38: 11-3485-1730 | H38: P | I38: P | J38: P | N38: P | O38: P | P38: P | Q38: FA | T38: P | U38: P | V38: P | Z38: P | AA38: P | AB38: P | AC38: P | AF38: P | AG38: P | AH38: P | AM38: =IFS(AN38>3,"NO CORRESPONDE FRANCO",AS38>0,"NO CORRESPONDE FRANCO",AS38=0,"") | AN38: =COUNTIF($F38:$AJ38,"LLT") -> 0 | AO38: =COUNTIF($F38:$AJ38,"LM") -> 0 | AP38: =COUNTIF($F38:$AJ38,"FaC") -> 0 | AQ38: =COUNTIF($F38:$AJ38,"LxE") -> 0 | AR38: =COUNTIF($F38:$AJ38,"LA") -> 0 | AS38: =SUM(AO38:AR38) -> 0
A39: Contratado | B39: Ríos Mesa, Malcom Miguel | C39: 27382983 | D39: Ladines 617 - La Tablada | E39: 11-3852-8162 | H39: P | I39: P | J39: P | N39: P | O39: P | P39: P | Q39: P | T39: P | U39: P | V39: P | Z39: FA | AA39: P | AB39: P | AC39: P | AF39: P | AG39: P | AH39: P | AM39: =IFS(AN39>3,"NO CORRESPONDE FRANCO",AS39>0,"NO CORRESPONDE FRANCO",AS39=0,"") | AN39: =COUNTIF($F39:$AJ39,"LLT") -> 0 | AO39: =COUNTIF($F39:$AJ39,"LM") -> 0 | AP39: =COUNTIF($F39:$AJ39,"FaC") -> 0 | AQ39: =COUNTIF($F39:$AJ39,"LxE") -> 0 | AR39: =COUNTIF($F39:$AJ39,"LA") -> 0 | AS39: =SUM(AO39:AR39) -> 0
A40: Contratado | B40: Alonso, Jorge | C40: 23671702 | D40: Loyola 745 5to A - Villa Crespo | E40: 11-6472-5397 | H40: LM | I40: LM | J40: LM | K40: LM | L40: LM | M40: LM | N40: LM | O40: LM | P40: LM | Q40: LM | R40: LM | S40: LM | T40: LM | U40: LM | V40: LM | W40: LM | X40: LM | Y40: LM | Z40: LM | AA40: LM | AB40: LM | AC40: LM | AD40: LM | AE40: LM | AF40: LM | AG40: LM | AH40: LM | AI40: LM | AJ40: LM | AK40: HASTA 06/09 | AM40: =IFS(AN40>3,"NO CORRESPONDE FRANCO",AS40>0,"NO CORRESPONDE FRANCO",AS40=0,"") -> NO CORRESPONDE FRANCO | AN40: =COUNTIF($F40:$AJ40,"LLT") -> 0 | AO40: =COUNTIF($F40:$AJ40,"LM") -> 29 | AP40: =COUNTIF($F40:$AJ40,"FaC") -> 0 | AQ40: =COUNTIF($F40:$AJ40,"LxE") -> 0 | AR40: =COUNTIF($F40:$AJ40,"LA") -> 0 | AS40: =SUM(AO40:AR40) -> 29
A41: Contratado | B41: Rodriguez Baez, Maxima | C41: 44544554 | D41: Nápoles 618 - Lomas de Zamora | E41: 11-4187-3423 | H41: LLT | I41: P | J41: LLT | M41: P | N41: P | O41: LA | P41: LA | Q41: LA | R41: LA | S41: LA | T41: LA | U41: LA | V41: P | Z41: P | AA41: P | AB41: P | AC41: LLT | AF41: LLT | AG41: LLT | AH41: LLT | AM41: =IFS(AN41>3,"NO CORRESPONDE FRANCO",AS41>0,"NO CORRESPONDE FRANCO",AS41=0,"") -> NO CORRESPONDE FRANCO | AN41: =COUNTIF($F41:$AJ41,"LLT") -> 6 | AO41: =COUNTIF($F41:$AJ41,"LM") -> 0 | AP41: =COUNTIF($F41:$AJ41,"FaC") -> 0 | AQ41: =COUNTIF($F41:$AJ41,"LxE") -> 0 | AR41: =COUNTIF($F41:$AJ41,"LA") -> 7 | AS41: =SUM(AO41:AR41) -> 7
A42: Contratado | B42: Mendoza Karina Laura | C42: 25805778 | D42: De la Peña 3097 - Lanus | E42: 11-6967-2779 | F42: LA | G42: LA | H42: LA | I42: GRUPO C 22 A 06 PUERTO MADERO | AM42: =IFS(AN42>3,"NO CORRESPONDE FRANCO",AS42>0,"NO CORRESPONDE FRANCO",AS42=0,"") -> NO CORRESPONDE FRANCO | AN42: =COUNTIF($F42:$AJ42,"LLT") -> 0 | AO42: =COUNTIF($F42:$AJ42,"LM") -> 0 | AP42: =COUNTIF($F42:$AJ42,"FaC") -> 0 | AQ42: =COUNTIF($F42:$AJ42,"LxE") -> 0 | AR42: =COUNTIF($F42:$AJ42,"LA") -> 3 | AS42: =SUM(AO42:AR42) -> 3
A43: Contratado | B43: Vallejo Rocio Ayelen | C43: 40127613 | D43: Av. Larrazabal 1710 - Mataderos | E43: 11-6443-3045 | H43: P | I43: P | J43: P | N43: P | O43: FA | P43: LA | Q43: LA | R43: LA | S43: LA | T43: LA | U43: LA | V43: LA | Z43: P | AA43: P | AB43: P | AC43: P | AF43: P | AG43: FA | AH43: FA | AM43: =IFS(AN43>3,"NO CORRESPONDE FRANCO",AS43>0,"NO CORRESPONDE FRANCO",AS43=0,"") -> NO CORRESPONDE FRANCO | AN43: =COUNTIF($F43:$AJ43,"LLT") -> 0 | AO43: =COUNTIF($F43:$AJ43,"LM") -> 0 | AP43: =COUNTIF($F43:$AJ43,"FaC") -> 0 | AQ43: =COUNTIF($F43:$AJ43,"LxE") -> 0 | AR43: =COUNTIF($F43:$AJ43,"LA") -> 7 | AS43: =SUM(AO43:AR43) -> 7
A44: Contratado | B44: Santucho, Rodrigo | C44: 42590083 | D44: Ayolas 446 - Lomas de Zamora | E44: 11 6685-4019 | H44: LLT | I44: P | J44: P | N44: LM | O44: P | P44: LLT | Q44: LM | T44: P | U44: LM | V44: LM | Z44: P | AA44: LM | AB44: LM | AC44: P | AF44: P | AG44: P | AH44: A | AM44: =IFS(AN44>3,"NO CORRESPONDE FRANCO",AS44>0,"NO CORRESPONDE FRANCO",AS44=0,"") -> NO CORRESPONDE FRANCO | AN44: =COUNTIF($F44:$AJ44,"LLT") -> 2 | AO44: =COUNTIF($F44:$AJ44,"LM") -> 6 | AP44: =COUNTIF($F44:$AJ44,"FaC") -> 0 | AQ44: =COUNTIF($F44:$AJ44,"LxE") -> 0 | AR44: =COUNTIF($F44:$AJ44,"LA") -> 0 | AS44: =SUM(AO44:AR44) -> 6
A45: Contratado | B45: Godoy Amilcar Manuel | C45: 44850611 | D45: Felipe vallese 540 | E45: 11-5842-3019 | H45: LLT | I45: P | J45: P | N45: P | O45: P | P45: P | Q45: P | T45: FA | U45: P | V45: P | Z45: P | AA45: P | AB45: P | AC45: P | AF45: A | AG45: A | AH45: P | AM45: =IFS(AN45>3,"NO CORRESPONDE FRANCO",AS45>0,"NO CORRESPONDE FRANCO",AS45=0,"") | AN45: =COUNTIF($F45:$AJ45,"LLT") -> 1 | AO45: =COUNTIF($F45:$AJ45,"LM") -> 0 | AP45: =COUNTIF($F45:$AJ45,"FaC") -> 0 | AQ45: =COUNTIF($F45:$AJ45,"LxE") -> 0 | AR45: =COUNTIF($F45:$AJ45,"LA") -> 0 | AS45: =SUM(AO45:AR45) -> 0
A47: GRUPO "E" TN - 22 A 06 HS | F47: 1 | G47: 2 | H47: 3 | I47: 4 | J47: 5 | K47: 6 | L47: 7 | M47: 8 | N47: 9 | O47: 10 | P47: 11 | Q47: 12 | R47: 13 | S47: 14 | T47: 15 | U47: 16 | V47: 17 | W47: 18 | X47: 19 | Y47: 20 | Z47: 21 | AA47: 22 | AB47: 23 | AC47: 24 | AD47: 25 | AE47: 26 | AF47: 27 | AG47: 28 | AH47: 29 | AI47: 30 | AJ47: 31
A48: JERARQUIA | B48: NOMBRE Y APELLIDO | C48: LP/DNI | D48: DOMICILIO | E48: CELULAR | F48: S | G48: D | H48: L | I48: M | J48: M | K48: J | L48: V | M48: S | N48: D | O48: L | P48: M | Q48: M | R48: J | S48: V | T48: S | U48: D | V48: L | W48: M | X48: M | Y48: J | Z48: V | AA48: S | AB48: D | AC48: L | AD48: M | AE48: M | AF48: J | AG48: V | AH48: S | AI48: D | AJ48: L
A49: Contratado | B49: Gonzalez Ezequiel Walter | C49: 43311360 | D49: Calle 188 Nº 759 - Bernal Oeste | E49: 11-6199-3279 | F49: LLT | J49: LLT | K49: LLT | L49: LLT | M49: LLT | P49: P | Q49: P | R49: LLT | W49: LLT | X49: P | Y49: P | AB49: FA | AC49: LLT | AD49: p | AH49: LLT | AI49: P | AJ49: P | AM49: =IFS(AN49>3,"NO CORRESPONDE FRANCO",AS49>0,"NO CORRESPONDE FRANCO",AS49=0,"") -> NO CORRESPONDE FRANCO | AN49: =COUNTIF($F49:$AJ49,"LLT") -> 9 | AO49: =COUNTIF($F49:$AJ49,"LM") -> 0 | AP49: =COUNTIF($F49:$AJ49,"FaC") -> 0 | AQ49: =COUNTIF($F49:$AJ49,"LxE") -> 0 | AR49: =COUNTIF($F49:$AJ49,"LA") -> 0 | AS49: =SUM(AO49:AR49) -> 0
A50: Contratado | B50: Gutierrez, Amelia | C50: 94624772 | D50: Av. Santa Fe 2131 - CABA | E50: 11-2513-9749 | F50: LM | J50: LLT | K50: P | L50: LM | M50: LM | P50: FaC | Q50: FaC | R50: FaC | V50: LLT | W50: LM | X50: LM | Y50: LM | Z50: LM | AB50: P | AC50: LLT | AD50: LLT | AH50: FAC | AI50: P | AJ50: LA | AK50: LA HASTA 06/09 | AM50: =IFS(AN50>3,"NO CORRESPONDE FRANCO",AS50>0,"NO CORRESPONDE FRANCO",AS50=0,"") -> NO CORRESPONDE FRANCO | AN50: =COUNTIF($F50:$AJ50,"LLT") -> 4 | AO50: =COUNTIF($F50:$AJ50,"LM") -> 7 | AP50: =COUNTIF($F50:$AJ50,"FaC") -> 4 | AQ50: =COUNTIF($F50:$AJ50,"LxE") -> 0 | AR50: =COUNTIF($F50:$AJ50,"LA") -> 1 | AS50: =SUM(AO50:AR50) -> 12
A51: Contratado | B51: Vega, Brisa | C51: 47113903 | D51: Tilcara 2527 - N. Pompeya | E51: 11-5098-2807 | F51: P | J51: P | K51: LLT | L51: LLT | M51: LM | P51: P | Q51: P | R51: P | V51: P | W51: P | X51: P | Y51: P | AB51: LM | AC51: LLT | AD51: P | AH51: P | AI51: LLT | AJ51: P | AM51: =IFS(AN51>3,"NO CORRESPONDE FRANCO",AS51>0,"NO CORRESPONDE FRANCO",AS51=0,"") -> NO CORRESPONDE FRANCO | AN51: =COUNTIF($F51:$AJ51,"LLT") -> 4 | AO51: =COUNTIF($F51:$AJ51,"LM") -> 2 | AP51: =COUNTIF($F51:$AJ51,"FaC") -> 0 | AQ51: =COUNTIF($F51:$AJ51,"LxE") -> 0 | AR51: =COUNTIF($F51:$AJ51,"LA") -> 0 | AS51: =SUM(AO51:AR51) -> 2
A52: Contratado | B52: Castro Laudani Tamara | C52: 40015710 | D52: Irigoyen 2063 - Villa real | E52: 11-2616-0327 | F52: LLT | G52: LLT | J52: P | K52: P | L52: LLT | M52: LLT | P52: LLT | Q52: LM | R52: P | V52: P | W52: P | X52: LM | Y52: LLT | AB52: LLT | AC52: LLT | AD52: LM | AH52: CG | AI52: LLT | AJ52: LLT | AM52: =IFS(AN52>3,"NO CORRESPONDE FRANCO",AS52>0,"NO CORRESPONDE FRANCO",AS52=0,"") -> NO CORRESPONDE FRANCO | AN52: =COUNTIF($F52:$AJ52,"LLT") -> 10 | AO52: =COUNTIF($F52:$AJ52,"LM") -> 3 | AP52: =COUNTIF($F52:$AJ52,"FaC") -> 0 | AQ52: =COUNTIF($F52:$AJ52,"LxE") -> 0 | AR52: =COUNTIF($F52:$AJ52,"LA") -> 0 | AS52: =SUM(AO52:AR52) -> 3
A53: Contratado | B53: Aquino, Juliana Ayelen | C53: 45428311 | D53: LOS ALERCES 212 - EL JAGUEL | E53: 11-2180-4539 | F53: P | J53: LLT | K53: P | L53: LLT | M53: P | P53: P | Q53: P | R53: P | V53: P | W53: P | X53: P | Y53: P | Z53: PASA AL GRUPO 4 | AH53: FA | AK53: 29/08 Franco por detenidos carta/frecuencia. | AM53: =IFS(AN53>3,"NO CORRESPONDE FRANCO",AS53>0,"NO CORRESPONDE FRANCO",AS53=0,"") | AN53: =COUNTIF($F53:$AJ53,"LLT") -> 2 | AO53: =COUNTIF($F53:$AJ53,"LM") -> 0 | AP53: =COUNTIF($F53:$AJ53,"FaC") -> 0 | AQ53: =COUNTIF($F53:$AJ53,"LxE") -> 0 | AR53: =COUNTIF($F53:$AJ53,"LA") -> 0 | AS53: =SUM(AO53:AR53) -> 0
A54: Contratado | B54: Zoraire, Micaela Romina | C54: 42118147 | D54: Chorroarin 1031 - Lanús | E54: 11-6667-9251 | F54: P | J54: LLT | K54: P | L54: LLT | M54: P | P54: P | Q54: P | R54: P | V54: P | W54: P | X54: P | Y54: P | Z54: PASA AL GRUPO 4 | AM54: =IFS(AN54>3,"NO CORRESPONDE FRANCO",AS54>0,"NO CORRESPONDE FRANCO",AS54=0,"") | AN54: =COUNTIF($F54:$AJ54,"LLT") -> 2 | AO54: =COUNTIF($F54:$AJ54,"LM") -> 0 | AP54: =COUNTIF($F54:$AJ54,"FaC") -> 0 | AQ54: =COUNTIF($F54:$AJ54,"LxE") -> 0 | AR54: =COUNTIF($F54:$AJ54,"LA") -> 0 | AS54: =SUM(AO54:AR54) -> 0
A55: Contratado | B55: Cano, Analía | C55: 96081789 | D55: Iguazu 1850 - Barracas | E55: 11 5136-5122 | F55: LLT | G55: LLT | K55: FA | L55: P | M55: P | P55: P | Q55: P | R55: FA | AM55: =IFS(AN55>3,"NO CORRESPONDE FRANCO",AS55>0,"NO CORRESPONDE FRANCO",AS55=0,"") | AN55: =COUNTIF($F55:$AJ55,"LLT") -> 2 | AO55: =COUNTIF($F55:$AJ55,"LM") -> 0 | AP55: =COUNTIF($F55:$AJ55,"FaC") -> 0 | AQ55: =COUNTIF($F55:$AJ55,"LxE") -> 0 | AR55: =COUNTIF($F55:$AJ55,"LA") -> 0
A56: Contratado | B56: Montiel, Juan Ramon | C56: 46252382 | D56: Condarco 4997 - San Justo | E56: 11-6792-2781 | F56: LLT | J56: LLT | K56: P | L56: LLT | M56: LLT | P56: P | Q56: P | R56: LM | S56: LA | T56: LA | U56: LA | V56: LA | W56: LA | X56: LA | Y56: LA | AB56: P | AC56: P | AD56: P | AH56: P | AI56: P | AJ56: LLT | AM56: =IFS(AN56>3,"NO CORRESPONDE FRANCO",AS56>0,"NO CORRESPONDE FRANCO",AS56=0,"") -> NO CORRESPONDE FRANCO | AN56: =COUNTIF($F56:$AJ56,"LLT") -> 4 | AO56: =COUNTIF($F56:$AJ56,"LM") -> 1 | AP56: =COUNTIF($F56:$AJ56,"FaC") -> 0 | AQ56: =COUNTIF($F56:$AJ56,"LxE") -> 0 | AR56: =COUNTIF($F56:$AJ56,"LA") -> 7 | AS56: =SUM(AO56:AR56) -> 8
A57: Contratado | B57: Linos Dolores del Carmen | C57: 27259537 | D57: Olavarria 1515 - Quilmes | E57: 11 6666 5806 | F57: P | J57: P | K57: P | L57: P | M57: P | P57: P | Q57: P | R57: LLT | V57: P | W57: P | X57: P | Y57: P | AB57: P | AC57: LLT | AD57: LLT | AH57: LLT | AI57: LLT | AJ57: P | AM57: =IFS(AN57>3,"NO CORRESPONDE FRANCO",AS57>0,"NO CORRESPONDE FRANCO",AS57=0,"") -> NO CORRESPONDE FRANCO | AN57: =COUNTIF($F57:$AJ57,"LLT") -> 5 | AO57: =COUNTIF($F57:$AJ57,"LM") -> 0 | AP57: =COUNTIF($F57:$AJ57,"FaC") -> 0 | AQ57: =COUNTIF($F57:$AJ57,"LxE") -> 0 | AR57: =COUNTIF($F57:$AJ57,"LA") -> 0 | AS57: =SUM(AO57:AR57) -> 0
A58: Contratado | B58: Suarez, Sabrina Gisela | C58: 29382472 | D58: Victor Hugo 1916 - CABA | E58: 11-2540-5931 | F58: Victor Hugo 1916 - CABA | G58: DG | H58: P | J58: FAC | K58: FAC | L58: FAC | M58: FAC | P58: LLT | S58: LLT | U58: LLT | V58: LLT | Y58: P | AB58: P | AC58: P | AD58: P | AH58: FA | AI58: P | AJ58: LLT | AN58: =IFS(AO58>3,"NO CORRESPONDE FRANCO",AT58>0,"NO CORRESPONDE FRANCO",AT58=0,"") -> NO CORRESPONDE FRANCO | AO58: =COUNTIF($G58:$AK58,"LLT") -> 5 | AP58: =COUNTIF($G58:$AK58,"LM") -> 0 | AQ58: =COUNTIF($G58:$AK58,"FaC") -> 4 | AR58: =COUNTIF($G58:$AK58,"LxE") -> 0 | AS58: =COUNTIF($G58:$AK58,"LA") -> 0 | AT58: =SUM(AP58:AS58) -> 4
A60: GRUPO "F" TN - 22 A 06 HS | F60: 1 | G60: 2 | H60: 3 | I60: 4 | J60: 5 | K60: 6 | L60: 7 | M60: 8 | N60: 9 | O60: 10 | P60: 11 | Q60: 12 | R60: 13 | S60: 14 | T60: 15 | U60: 16 | V60: 17 | W60: 18 | X60: 19 | Y60: 20 | Z60: 21 | AA60: 22 | AB60: 23 | AC60: 24 | AD60: 25 | AE60: 26 | AF60: 27 | AG60: 28 | AH60: 29 | AI60: 30 | AJ60: 31
A61: JERARQUIA | B61: NOMBRE Y APELLIDO | C61: LP/DNI | D61: DOMICILIO | E61: CELULAR | F61: S | G61: D | H61: L | I61: M | J61: M | K61: J | L61: V | M61: S | N61: D | O61: L | P61: M | Q61: M | R61: J | S61: V | T61: S | U61: D | V61: L | W61: M | X61: M | Y61: J | Z61: V | AA61: S | AB61: D | AC61: L | AD61: M | AE61: M | AF61: J | AG61: V | AH61: S | AI61: D | AJ61: L
A62: Contratado | B62: Cejas, Nicolas | C62: 39469837 | D62: Calle 7 Casa 24 Barrio YPF - CABA | E62: 11-3860-3385 | F62: LM | G62: LLT | K62: LLT | L62: LLT | M62: LLT | P62: P | Q62: P | R62: P | S62: LLT | W62: LLT | X62: LLT | Y62: LLT | AB62: LLT | AC62: P | AD62: P | AE62: P | AI62: LLT | AJ62: LLT | AM62: =IFS(AN62>3,"NO CORRESPONDE FRANCO",AS62>0,"NO CORRESPONDE FRANCO",AS62=0,"") -> NO CORRESPONDE FRANCO | AN62: =COUNTIF($F62:$AJ62,"LLT") -> 11 | AO62: =COUNTIF($F62:$AJ62,"LM") -> 1 | AP62: =COUNTIF($F62:$AJ62,"FaC") -> 0 | AQ62: =COUNTIF($F62:$AJ62,"LxE") -> 0 | AR62: =COUNTIF($F62:$AJ62,"LA") -> 0 | AS62: =SUM(AO62:AR62) -> 1
A63: Contratado | B63: Orrego, Pamela | D63: Arenales 1938 (Porteria) - Recoleta | E63: 11-6816-5963 | F63: LM | G63: LM | H63: LM | K63: LM | L63: LM | M63: LM | P63: LM | Q63: LM | R63: LM | S63: LM | T63: LM | W63: P | X63: P | Y63: LM | Z63: P | AB63: P | AC63: P | AD63: FAC | AE63: FAC | AI63: LM | AJ63: FAC | AM63: =IFS(AN63>3,"NO CORRESPONDE FRANCO",AS63>0,"NO CORRESPONDE FRANCO",AS63=0,"") -> NO CORRESPONDE FRANCO | AN63: =COUNTIF($F63:$AJ63,"LLT") -> 0 | AO63: =COUNTIF($F63:$AJ63,"LM") -> 13 | AP63: =COUNTIF($F63:$AJ63,"FaC") -> 3 | AQ63: =COUNTIF($F63:$AJ63,"LxE") -> 0 | AR63: =COUNTIF($F63:$AJ63,"LA") -> 0 | AS63: =SUM(AO63:AR63) -> 16
A64: Contratado | B64: Pereira Diniz, Brisa Florencia | C64: 52413549 | D64: Martinez Castro 346 - Gonzalez Catan | E64: 11-5826-8534 | F64: P | G64: P | K64: LM | L64: P | M64: P | P64: P | Q64: P | R64: P | S64: LM | W64: P | X64: P | Y64: P | AB64: P | AC64: P | AD64: P | AE64: P | AI64: LM | AJ64: P | AM64: =IFS(AN64>3,"NO CORRESPONDE FRANCO",AS64>0,"NO CORRESPONDE FRANCO",AS64=0,"") -> NO CORRESPONDE FRANCO | AN64: =COUNTIF($F64:$AJ64,"LLT") -> 0 | AO64: =COUNTIF($F64:$AJ64,"LM") -> 3 | AP64: =COUNTIF($F64:$AJ64,"FaC") -> 0 | AQ64: =COUNTIF($F64:$AJ64,"LxE") -> 0 | AR64: =COUNTIF($F64:$AJ64,"LA") -> 0 | AS64: =SUM(AO64:AR64) -> 3
A65: Contratado | B65: Martinez Cohen, Belén | C65: 37667255 | D65: Av. La Plata 2347 PB 2 -CABA | E65: 11-2711-7723 | F65: LM | G65: LM | H65: LM | I65: LM | J65: LM | K65: LM | L65: LM | M65: LM | N65: LM | O65: LM | P65: LM | Q65: LM | R65: LM | S65: LM | T65: LM | U65: LM | V65: LM | W65: FAC | X65: FAC | Y65: LM | Z65: LM | AA65: LM | AB65: LM | AC65: LM | AD65: LM | AE65: LM | AF65: LM | AG65: LM | AH65: LM | AI65: LM | AJ65: LM | AM65: =IFS(AN65>3,"NO CORRESPONDE FRANCO",AS65>0,"NO CORRESPONDE FRANCO",AS65=0,"") -> NO CORRESPONDE FRANCO | AN65: =COUNTIF($F65:$AJ65,"LLT") -> 0 | AO65: =COUNTIF($F65:$AJ65,"LM") -> 29 | AP65: =COUNTIF($F65:$AJ65,"FaC") -> 2 | AQ65: =COUNTIF($F65:$AJ65,"LxE") -> 0 | AR65: =COUNTIF($F65:$AJ65,"LA") -> 0 | AS65: =SUM(AO65:AR65) -> 31
A66: Contratado | B66: Manetti, Diego Martin | C66: 21594484 | D66: Constitución 1734 - 1º dpto7 - CABA | E66: 11-3559-1585 | F66: P | G66: P | K66: p | L66: LLT | M66: LLT | P66: P | Q66: P | R66: P | S66: P | W66: P | X66: P | Y66: P | Z66: PASA AL GRUPO 5 | AM66: =IFS(AN66>3,"NO CORRESPONDE FRANCO",AS66>0,"NO CORRESPONDE FRANCO",AS66=0,"") | AN66: =COUNTIF($F66:$AJ66,"LLT") -> 2 | AO66: =COUNTIF($F66:$AJ66,"LM") -> 0 | AP66: =COUNTIF($F66:$AJ66,"FaC") -> 0 | AQ66: =COUNTIF($F66:$AJ66,"LxE") -> 0 | AR66: =COUNTIF($F66:$AJ66,"LA") -> 0 | AS66: =SUM(AO66:AR66) -> 0
A67: Contratado | B67: Galeano Axel Leonel | C67: 44503176 | D67: Calle 32 N°2675 - Guernica | E67: 11-5977-3740 | F67: P | G67: P | K67: LLT | L67: LLT | M67: P | P67: P | Q67: P | R67: P | S67: FA | W67: P | X67: P | Y67: P | AB67: LM | AC67: LM | AD67: LM | AE67: FA | AI67: LLT | AJ67: p | AM67: =IFS(AN67>3,"NO CORRESPONDE FRANCO",AS67>0,"NO CORRESPONDE FRANCO",AS67=0,"") -> NO CORRESPONDE FRANCO | AN67: =COUNTIF($F67:$AJ67,"LLT") -> 3 | AO67: =COUNTIF($F67:$AJ67,"LM") -> 3 | AP67: =COUNTIF($F67:$AJ67,"FaC") -> 0 | AQ67: =COUNTIF($F67:$AJ67,"LxE") -> 0 | AR67: =COUNTIF($F67:$AJ67,"LA") -> 0 | AS67: =SUM(AO67:AR67) -> 3
A68: Contratado | B68: Bernal, Laila | C68: 43091973 | D68: San Francisco Solano 886 y 825 bis 2564- Quilmes | E68: 11-6918-2885 | F68: P | G68: LLT | K68: P | L68: LLT | M68: P | P68: P | Q68: FA | R68: FA | S68: FA | W68: LLT | X68: P | Y68: P | AB68: P | AC68: P | AD68: P | AE68: P | AI68: P | AJ68: p | AM68: =IFS(AN68>3,"NO CORRESPONDE FRANCO",AS68>0,"NO CORRESPONDE FRANCO",AS68=0,"") | AN68: =COUNTIF($F68:$AJ68,"LLT") -> 3 | AO68: =COUNTIF($F68:$AJ68,"LM") -> 0 | AP68: =COUNTIF($F68:$AJ68,"FaC") -> 0 | AQ68: =COUNTIF($F68:$AJ68,"LxE") -> 0 | AR68: =COUNTIF($F68:$AJ68,"LA") -> 0 | AS68: =SUM(AO68:AR68) -> 0
A69: Contratado | B69: Rodriguez Tomas Agustin | C69: 47689313 | D69: Albania 2248- Hurlingham | E69: 11-4945-1517 | F69: LLT | G69: P | K69: P | L69: LLT | M69: P | P69: P | Q69: P | R69: LLT | S69: P | W69: P | X69: P | Y69: P | AB69: P | AC69: LLT | AD69: LLT | AE69: LLT | AI69: P | AJ69: LLT | AM69: =IFS(AN69>3,"NO CORRESPONDE FRANCO",AS69>0,"NO CORRESPONDE FRANCO",AS69=0,"") -> NO CORRESPONDE FRANCO | AN69: =COUNTIF($F69:$AJ69,"LLT") -> 7 | AO69: =COUNTIF($F69:$AJ69,"LM") -> 0 | AP69: =COUNTIF($F69:$AJ69,"FaC") -> 0 | AQ69: =COUNTIF($F69:$AJ69,"LxE") -> 0 | AR69: =COUNTIF($F69:$AJ69,"LA") -> 0 | AS69: =SUM(AO69:AR69) -> 0
A70: Contratado | B70: Chauvin, Facundo | C70: 46703873 | D70: Corrientes 1507, Paso del Rey, Moreno. | E70: 11-3139-4520 | F70: P | G70: CG | K70: LA | L70: LA | M70: LA | N70: LA | O70: LA | P70: LA | Q70: LA | R70: LM | S70: LM | W70: P | X70: P | Y70: P | AB70: LLT | AC70: LM | AD70: LM | AE70: LM | AH70: P | AI70: P | AJ70: p | AM70: =IFS(AN70>3,"NO CORRESPONDE FRANCO",AS70>0,"NO CORRESPONDE FRANCO",AS70=0,"") -> NO CORRESPONDE FRANCO | AN70: =COUNTIF($F70:$AJ70,"LLT") -> 1 | AO70: =COUNTIF($F70:$AJ70,"LM") -> 5 | AP70: =COUNTIF($F70:$AJ70,"FaC") -> 0 | AQ70: =COUNTIF($F70:$AJ70,"LxE") -> 0 | AR70: =COUNTIF($F70:$AJ70,"LA") -> 7 | AS70: =SUM(AO70:AR70) -> 12
F71: =COUNTIF(F3:F70,"P") + COUNTIF(F3:F70, "LLT") -> 27 | G71: =COUNTIF(G3:G70,"P") + COUNTIF(G3:G70, "LLT") -> 22 | H71: =COUNTIF(H3:H70,"P") + COUNTIF(H3:H70, "LLT") -> 19 | I71: =COUNTIF(I3:I70,"P") + COUNTIF(I3:I70, "LLT") -> 19 | J71: =COUNTIF(J3:J70,"P") + COUNTIF(J3:J70, "LLT") -> 23 | K71: =COUNTIF(K3:K70,"P") + COUNTIF(K3:K70, "LLT") -> 20 | L71: =COUNTIF(L3:L70,"P") + COUNTIF(L3:L70, "LLT") -> 22 | M71: =COUNTIF(M3:M70,"P") + COUNTIF(M3:M70, "LLT") -> 27 | ... AJ71: =COUNTIF(AJ3:AJ70,"P") + COUNTIF(AJ3:AJ70, "LLT") -> 19
F72: =COUNTIF(F5:F262,"P") + COUNTIF(F5:F262, "LLT") + COUNTIF(F5:F262, "FA") + COUNTIF(F5:F262, "A") + COUNTIF(F5:F262, "LM") + COUNTIF(F5:F262, "LA") + COUNTIF(F5:F262, "FAC") + COUNTIF(F5:F262, "LXF") + COUNTIF(F5:F262, "LXE") + COUNTIF(F5:F262, "LXM") -> 34 | G72: =COUNTIF(G5:G262,"P") + COUNTIF(G5:G262, "LLT") + COUNTIF(G5:G262, "FA") + COUNTIF(G5:G262, "A") + COUNTIF(G5:G262, "LM") + COUNTIF(G5:G262, "LA") + COUNTIF(G5:G262, "FAC") + COUNTIF(G5:G262, "LXF") + COUNTIF(G5:G262, "LXE") + COUNTIF(G5:G262, "LXM") -> 26 | H72: =COUNTIF(H5:H262,"P") + COUNTIF(H5:H262, "LLT") + COUNTIF(H5:H262, "FA") + COUNTIF(H5:H262, "A") + COUNTIF(H5:H262, "LM") + COUNTIF(H5:H262, "LA") + COUNTIF(H5:H262, "FAC") + COUNTIF(H5:H262, "LXF") + COUNTIF(H5:H262, "LXE") + COUNTIF(H5:H262, "LXM") -> 23 | I72: =COUNTIF(I5:I262,"P") + COUNTIF(I5:I262, "LLT") + COUNTIF(I5:I262, "FA") + COUNTIF(I5:I262, "A") + COUNTIF(I5:I262, "LM") + COUNTIF(I5:I262, "LA") + COUNTIF(I5:I262, "FAC") + COUNTIF(I5:I262, "LXF") + COUNTIF(I5:I262, "LXE") + COUNTIF(I5:I262, "LXM") -> 22 | J72: =COUNTIF(J5:J262,"P") + COUNTIF(J5:J262, "LLT") + COUNTIF(J5:J262, "FA") + COUNTIF(J5:J262, "A") + COUNTIF(J5:J262, "LM") + COUNTIF(J5:J262, "LA") + COUNTIF(J5:J262, "FAC") + COUNTIF(J5:J262, "LXF") + COUNTIF(J5:J262, "LXE") + COUNTIF(J5:J262, "LXM") -> 27 | K72: =COUNTIF(K5:K262,"P") + COUNTIF(K5:K262, "LLT") + COUNTIF(K5:K262, "FA") + COUNTIF(K5:K262, "A") + COUNTIF(K5:K262, "LM") + COUNTIF(K5:K262, "LA") + COUNTIF(K5:K262, "FAC") + COUNTIF(K5:K262, "LXF") + COUNTIF(K5:K262, "LXE") + COUNTIF(K5:K262, "LXM") -> 30 | L72: =COUNTIF(L5:L262,"P") + COUNTIF(L5:L262, "LLT") + COUNTIF(L5:L262, "FA") + COUNTIF(L5:L262, "A") + COUNTIF(L5:L262, "LM") + COUNTIF(L5:L262, "LA") + COUNTIF(L5:L262, "FAC") + COUNTIF(L5:L262, "LXF") + COUNTIF(L5:L262, "LXE") + COUNTIF(L5:L262, "LXM") -> 28 | M72: =COUNTIF(M5:M262,"P") + COUNTIF(M5:M262, "LLT") + COUNTIF(M5:M262, "FA") + COUNTIF(M5:M262, "A") + COUNTIF(M5:M262, "LM") + COUNTIF(M5:M262, "LA") + COUNTIF(M5:M262, "FAC") + COUNTIF(M5:M262, "LXF") + COUNTIF(M5:M262, "LXE") + COUNTIF(M5:M262, "LXM") -> 33 | ... AJ72: =COUNTIF(AJ5:AJ262,"P") + COUNTIF(AJ5:AJ262, "LLT") + COUNTIF(AJ5:AJ262, "FA") + COUNTIF(AJ5:AJ262, "A") + COUNTIF(AJ5:AJ262, "LM") + COUNTIF(AJ5:AJ262, "LA") + COUNTIF(AJ5:AJ262, "FAC") + COUNTIF(AJ5:AJ262, "LXF") + COUNTIF(AJ5:AJ262, "LXE") + COUNTIF(AJ5:AJ262, "LXM") -> 23

Sheet CMU PUERTO MADERO
B1: PRESENTISMO GRUPO TURNO MAÑANA – OPERADORES 06 A 14
B2: G1 A Y B TM - 06 A 14 HS | G2: 1 | H2: 2 | I2: 3 | J2: 4 | K2: 5 | L2: 6 | M2: 7 | N2: 8 | O2: 9 | P2: 10 | Q2: 11 | R2: 12 | S2: 13 | T2: 14 | U2: 15 | V2: 16 | W2: 17 | X2: 18 | Y2: 19 | Z2: 20 | AA2: 21 | AB2: 22 | AC2: 23 | AD2: 24 | AE2: 25 | AF2: 26 | AG2: 27 | AH2: 28 | AI2: 29 | AJ2: 30 | AK2: 31
B3: JERARQUIA | C3: NOMBRE Y APELLIDO | D3: LP/DNI | E3: DOMICILIO | F3: CELULAR | G3: S | H3: D | I3: L | J3: M | K3: M | L3: J | M3: V | N3: S | O3: D | P3: L | Q3: M | R3: M | S3: J | T3: V | U3: S | V3: D | W3: L | X3: M | Y3: M | Z3: J | AA3: V | AB3: S | AC3: D | AD3: L | AE3: M | AF3: M | AG3: J | AH3: V | AI3: S | AJ3: D | AK3: L | AM3: Observaciones | AN3: LLT | AO3: LM | AP3: FAC | AQ3: LXE | AR3: LA
A4: Grupo "A" TM | B4: Nivel I | C4: Veramendi, Enzo | D4: 11683 | E4: CAZON 1236 – LANUS | F4: 11-3454-4352 | G4: LLT | H4: LLT | I4: P | M4: LA | N4: LA | O4: LA | P4: LA | Q4: LA | R4: LA | S4: LA | T4: LA | U4: LA | V4: LA | W4: LA | X4: LA | Y4: LA | Z4: LA | AA4: LA | AB4: LA | AC4: LA | AD4: LA | AE4: P | AF4: P | AG4: P | AK4: P | AM4: =IFS(AN4>3,"NO CORRESPONDE FRANCO",AS4>0,"NO CORRESPONDE FRANCO",AS4=0,"") -> NO CORRESPONDE FRANCO | AN4: =COUNTIF($G4:$AK4,"LLT") -> 2 | AO4: =COUNTIF($G4:$AK4,"LM") -> 0 | AP4: =COUNTIF($G4:$AK4,"FaC") -> 0 | AQ4: =COUNTIF($G4:$AK4,"LxE") -> 0 | AR4: =COUNTIF($G4:$AK4,"LA") -> 18 | AS4: =SUM(AO4:AR4) -> 18
B5: Contratado | C5: Viale, Gisela Soledad | D5: 31651283 | E5: Mario Bravo 754 - Avellaneda | F5: 1134180202 | G5: P | H5: P | I5: P | M5: P | N5: P | O5: P | P5: P | S5: P | T5: P | U5: P | Y5: P | Z5: P | AA5: P | AB5: P | AE5: P | AF5: P | AG5: P | AK5: P | AM5: =IFS(AN5>3,"NO CORRESPONDE FRANCO",AS5>0,"NO CORRESPONDE FRANCO",AS5=0,"") | AN5: =COUNTIF($G5:$AK5,"LLT") -> 0 | AO5: =COUNTIF($G5:$AK5,"LM") -> 0 | AP5: =COUNTIF($G5:$AK5,"FaC") -> 0 | AQ5: =COUNTIF($G5:$AK5,"LxE") -> 0 | AR5: =COUNTIF($G5:$AK5,"LA") -> 0 | AS5: =SUM(AO5:AR5) -> 0
B6: Nivel I | C6: Junoy, Fernando | D6: 12299 | E6: MAZA 1009 - CABA | F6: 11-6767-8652 | G6: P | H6: P | I6: P | M6: P | N6: P | O6: P | P6: P | S6: P | T6: P | U6: P | Y6: p | Z6: P | AA6: P | AB6: P | AF6: P | AG6: P | AK6: P | AM6: =IFS(AN6>3,"NO CORRESPONDE FRANCO",AS6>0,"NO CORRESPONDE FRANCO",AS6=0,"") | AN6: =COUNTIF($G6:$AK6,"LLT") -> 0 | AO6: =COUNTIF($G6:$AK6,"LM") -> 0 | AP6: =COUNTIF($G6:$AK6,"FaC") -> 0 | AQ6: =COUNTIF($G6:$AK6,"LxE") -> 0 | AR6: =COUNTIF($G6:$AK6,"LA") -> 0 | AS6: =SUM(AO6:AR6) -> 0
A7: Grupo "B" TM | B7: Contratado | C7: Ordóñez, Débora Andrea | D7: 33714135 | E7: SOLIER 6787- WILDE | F7: 11-5825-0509 | G7: P | H7: P | I7: P | J7: P | N7: P | O7: P | P7: P | S7: P | T7: P | U7: P | V7: FA | Z7: P | AA7: P | AB7: P | AE7: P | AF7: P | AG7: P | AH7: P | AJ7: P | AM7: =IFS(AN7>3,"NO CORRESPONDE FRANCO",AS7>0,"NO CORRESPONDE FRANCO",AS7=0,"") | AN7: =COUNTIF($G7:$AK7,"LLT") -> 0 | AO7: =COUNTIF($G7:$AK7,"LM") -> 0 | AP7: =COUNTIF($G7:$AK7,"FaC") -> 0 | AQ7: =COUNTIF($G7:$AK7,"LxE") -> 0 | AR7: =COUNTIF($G7:$AK7,"LA") -> 0 | AS7: =SUM(AO7:AR7) -> 0
B8: Nivel H | C8: Gómez, Valeria | D8: 12149 | E8: ANDRADE 898 - GLEW | F8: 11-6423-4235 | G8: LA | H8: LA | I8: LA | J8: LA | K8: LA | L8: LA | M8: LA | N8: LA | O8: LA | P8: LA | S8: P | T8: P | U8: FA | V8: FA | Z8: FA | AA8: P | AB8: P | AE8: P | AF8: P | AG8: P | AH8: P | AM8: =IFS(AN8>3,"NO CORRESPONDE FRANCO",AS8>0,"NO CORRESPONDE FRANCO",AS8=0,"") -> NO CORRESPONDE FRANCO | AN8: =COUNTIF($G8:$AK8,"LLT") -> 0 | AO8: =COUNTIF($G8:$AK8,"LM") -> 0 | AP8: =COUNTIF($G8:$AK8,"FaC") -> 0 | AQ8: =COUNTIF($G8:$AK8,"LxE") -> 0 | AR8: =COUNTIF($G8:$AK8,"LA") -> 10 | AS8: =SUM(AO8:AR8) -> 10
B9: Nivel I | C9: Garcia, Oriana | D9: 12595 | E9: CEVALLOS 4170 – EZPELETA | F9: 11-6876-8515 | G9: LA | H9: LA | I9: LA | J9: LA | K9: LA | L9: LA | M9: LA | N9: LA | O9: LA | P9: LA | S9: P | T9: P | U9: P | V9: P | Z9: P | AA9: P | AB9: P | AE9: P | AF9: P | AG9: P | AH9: P | AM9: =IFS(AN9>3,"NO CORRESPONDE FRANCO",AS9>0,"NO CORRESPONDE FRANCO",AS9=0,"") -> NO CORRESPONDE FRANCO | AN9: =COUNTIF($G9:$AK9,"LLT") -> 0 | AO9: =COUNTIF($G9:$AK9,"LM") -> 0 | AP9: =COUNTIF($G9:$AK9,"FaC") -> 0 | AQ9: =COUNTIF($G9:$AK9,"LxE") -> 0 | AR9: =COUNTIF($G9:$AK9,"LA") -> 10 | AS9: =SUM(AO9:AR9) -> 10
B10: G2 C Y D TM - 06 A 14 HS | G10: 1 | H10: 2 | I10: 3 | J10: 4 | K10: 5 | L10: 6 | M10: 7 | N10: 8 | O10: 9 | P10: 10 | Q10: 11 | R10: 12 | S10: 13 | T10: 14 | U10: 15 | V10: 16 | W10: 17 | X10: 18 | Y10: 19 | Z10: 20 | AA10: 21 | AB10: 22 | AC10: 23 | AD10: 24 | AE10: 25 | AF10: 26 | AG10: 27 | AH10: 28 | AI10: 29 | AJ10: 30 | AK10: 31
B11: JERARQUIA | C11: NOMBRE Y APELLIDO | D11: LP/DNI | E11: DOMICILIO | F11: CELULAR | G11: S | H11: D | I11: L | J11: M | K11: M | L11: J | M11: V | N11: S | O11: D | P11: L | Q11: M | R11: M | S11: J | T11: V | U11: S | V11: D | W11: L | X11: M | Y11: M | Z11: J | AA11: V | AB11: S | AC11: D | AD11: L | AE11: M | AF11: M | AG11: J | AH11: V | AI11: S | AJ11: D | AK11: L
A12: Grupo "C" TM | B12: Nivel I | C12: Molina, Maria Laura | D12: 12826 | E12: Peru 957 3° 41 - CABA | F12: 11-6223-4165 | J12: P | K12: p | L12: P | O12: P | P12: P | Q12: P | R12: P | V12: P | W12: p | X12: P | AA12: P | AB12: P | AC12: P | AD12: P | AH12: P | AI12: P | AJ12: P | AM12: =IFS(AN12>3,"NO CORRESPONDE FRANCO",AS12>0,"NO CORRESPONDE FRANCO",AS12=0,"") | AN12: =COUNTIF($G12:$AK12,"LLT") -> 0 | AO12: =COUNTIF($G12:$AK12,"LM") -> 0 | AP12: =COUNTIF($G12:$AK12,"FaC") -> 0 | AQ12: =COUNTIF($G12:$AK12,"LxE") -> 0 | AR12: =COUNTIF($G12:$AK12,"LA") -> 0 | AS12: =SUM(AO12:AR12) -> 0
B13: Contratado | C13: Lagomarsino Lucia | D13: 47344153 | E13: CANALE 2624 ALTE BROWN | F13: 11-5336-1863 | J13: P | K13: p | L13: P | O13: P | P13: P | Q13: P | R13: P | V13: P | W13: p | X13: P | AA13: P | AB13: P | AC13: P | AD13: P | AH13: P | AI13: P | AJ13: P | AM13: =IFS(AN13>3,"NO CORRESPONDE FRANCO",AS13>0,"NO CORRESPONDE FRANCO",AS13=0,"") | AN13: =COUNTIF($G13:$AK13,"LLT") -> 0 | AO13: =COUNTIF($G13:$AK13,"LM") -> 0 | AP13: =COUNTIF($G13:$AK13,"FaC") -> 0 | AQ13: =COUNTIF($G13:$AK13,"LxE") -> 0 | AR13: =COUNTIF($G13:$AK13,"LA") -> 0 | AS13: =SUM(AO13:AR13) -> 0
A14: Grupo "D" TM | B14: Contratado | C14: Kuhn Candela | D14: 46898849 | E14: n | F14: 11-3146-1086 | J14: P | K14: p | L14: P | O14: P | P14: P | Q14: P | R14: P | V14: P | W14: p | X14: P | AA14: P | AB14: P | AC14: P | AD14: P | AH14: P | AI14: P | AJ14: CG | AM14: =IFS(AN14>3,"NO CORRESPONDE FRANCO",AS14>0,"NO CORRESPONDE FRANCO",AS14=0,"") | AN14: =COUNTIF($G14:$AK14,"LLT") -> 0 | AO14: =COUNTIF($G14:$AK14,"LM") -> 0 | AP14: =COUNTIF($G14:$AK14,"FaC") -> 0 | AQ14: =COUNTIF($G14:$AK14,"LxE") -> 0 | AR14: =COUNTIF($G14:$AK14,"LA") -> 0 | AS14: =SUM(AO14:AR14) -> 0
B15: Nivel I | C15: Recchia, Agustín | D15: 12342 | E15: CUENCA 5279 - EZPELETA | F15: 11 6829-0205 | I15: P | J15: P | K15: P | N15: P | O15: LLT | P15: P | Q15: P | R15: P | T15: LA | U15: LA | V15: LA | W15: LA | X15: LA | Y15: LA | Z15: LA | AA15: LA | AB15: LA | AC15: LA | AD15: LA | AE15: LA | AF15: LA | AG15: LA | AH15: LA | AI15: CG | AM15: =IFS(AN15>3,"NO CORRESPONDE FRANCO",AS15>0,"NO CORRESPONDE FRANCO",AS15=0,"") -> NO CORRESPONDE FRANCO | AN15: =COUNTIF($G15:$AK15,"LLT") -> 1 | AO15: =COUNTIF($G15:$AK15,"LM") -> 0 | AP15: =COUNTIF($G15:$AK15,"FaC") -> 0 | AQ15: =COUNTIF($G15:$AK15,"LxE") -> 0 | AR15: =COUNTIF($G15:$AK15,"LA") -> 15 | AS15: =SUM(AO15:AR15) -> 15
B16: Contratado | C16: Diaz, Analia Veronica | D16: 24646968 | E16: Carlos seminario 1326 2p dp 7 Avellaneda | F16: 11-2190-5434 | I16: P | J16: P | K16: P | O16: P | P16: P | Q16: P | R16: P | U16: P | V16: P | AA16: P | AB16: P | AC16: P | AD16: P | AG16: P | AH16: P | AI16: P | AM16: =IFS(AN16>3,"NO CORRESPONDE FRANCO",AS16>0,"NO CORRESPONDE FRANCO",AS16=0,"") | AN16: =COUNTIF($G16:$AK16,"LLT") -> 0 | AO16: =COUNTIF($G16:$AK16,"LM") -> 0 | AP16: =COUNTIF($G16:$AK16,"FaC") -> 0 | AQ16: =COUNTIF($G16:$AK16,"LxE") -> 0 | AR16: =COUNTIF($G16:$AK16,"LA") -> 0 | AS16: =SUM(AO16:AR16) -> 0
B17: G3 E Y F TM - 06 A 14 HS | G17: 1 | H17: 2 | I17: 3 | J17: 4 | K17: 5 | L17: 6 | M17: 7 | N17: 8 | O17: 9 | P17: 10 | Q17: 11 | R17: 12 | S17: 13 | T17: 14 | U17: 15 | V17: 16 | W17: 17 | X17: 18 | Y17: 19 | Z17: 20 | AA17: 21 | AB17: 22 | AC17: 23 | AD17: 24 | AE17: 25 | AF17: 26 | AG17: 27 | AH17: 28 | AI17: 29 | AJ17: 30 | AK17: 31
B18: JERARQUIA | C18: NOMBRE Y APELLIDO | D18: LP/DNI | E18: DOMICILIO | F18: CELULAR | G18: S | H18: D | I18: L | J18: M | K18: M | L18: J | M18: V | N18: S | O18: D | P18: L | Q18: M | R18: M | S18: J | T18: V | U18: S | V18: D | W18: L | X18: M | Y18: M | Z18: J | AA18: V | AB18: S | AC18: D | AD18: L | AE18: M | AF18: M | AG18: J | AH18: V | AI18: S | AJ18: D | AK18: L
A19: Grupo "E" TM | B19: Nivel I | C19: Sena, Anabel | D19: 12351 | E19: LIMA 1243 - CARLOS SPEGAZZINI | F19: 11-3630-5423 | G19: LLT | K19: LL.T | L19: P | M19: p | N19: P | R19: P | S19: P | W19: p | X19: P | Y19: P | Z19: P | AC19: P | AD19: P | AE19: P | AI19: P | AJ19: P | AK19: P | AM19: =IFS(AN19>3,"NO CORRESPONDE FRANCO",AS19>0,"NO CORRESPONDE FRANCO",AS19=0,"") | AN19: =COUNTIF($G19:$AK19,"LLT") -> 1 | AO19: =COUNTIF($G19:$AK19,"LM") -> 0 | AP19: =COUNTIF($G19:$AK19,"FaC") -> 0 | AQ19: =COUNTIF($G19:$AK19,"LxE") -> 0 | AR19: =COUNTIF($G19:$AK19,"LA") -> 0 | AS19: =SUM(AO19:AR19) -> 0
B20: Contratado | C20: Ramos, Lorena | D20: 40381683 | E20: Gabriela Mistral 2273 - Lomas de Zamora | F20: 11 3051-4628 | G20: P | K20: P | L20: LLT | M20: A | N20: LLT | Q20: A | R20: P | S20: P | W20: LLT | X20: FA | Y20: P | Z20: P | AC20: LL.T | AD20: P | AE20: P | AI20: P | AJ20: P | AK20: P | AM20: =IFS(AN20>3,"NO CORRESPONDE FRANCO",AS20>0,"NO CORRESPONDE FRANCO",AS20=0,"") | AN20: =COUNTIF($G20:$AK20,"LLT") -> 3 | AO20: =COUNTIF($G20:$AK20,"LM") -> 0 | AP20: =COUNTIF($G20:$AK20,"FaC") -> 0 | AQ20: =COUNTIF($G20:$AK20,"LxE") -> 0 | AR20: =COUNTIF($G20:$AK20,"LA") -> 0 | AS20: =SUM(AO20:AR20) -> 0
A21: Grupo "F" TM | B21: Nivel J | C21: Runge Mirta | D21: 13551 | E21: ARAOZ 2922 1 D - CABA | F21: 11-3034-2647 | G21: P | H21: LLT | L21: P | M21: LM | N21: CG | Q21: P | R21: P | S21: P | T21: P | X21: P | Y21: P | Z21: P | AC21: P | AD21: P | AE21: P | AF21: P | AI21: P | AJ21: P | AK21: P | AM21: =IFS(AN21>3,"NO CORRESPONDE FRANCO",AS21>0,"NO CORRESPONDE FRANCO",AS21=0,"") -> NO CORRESPONDE FRANCO | AN21: =COUNTIF($G21:$AK21,"LLT") -> 1 | AO21: =COUNTIF($G21:$AK21,"LM") -> 1 | AP21: =COUNTIF($G21:$AK21,"FaC") -> 0 | AQ21: =COUNTIF($G21:$AK21,"LxE") -> 0 | AR21: =COUNTIF($G21:$AK21,"LA") -> 0 | AS21: =SUM(AO21:AR21) -> 1
B22: Contratado | C22: Barrancos ,Juan, Carlos | D22: 20351386 | E22: JOSE OYULA 3860 – LANUS | F22: 11-3127-8999 | G22: LA | H22: P | L22: P | M22: p | N22: FA | Q22: P | R22: P | S22: P | T22: P | X22: P | Y22: P | Z22: P | AC22: P | AD22: LM | AE22: P | AF22: P | AJ22: P | AK22: P | AM22: =IFS(AN22>3,"NO CORRESPONDE FRANCO",AS22>0,"NO CORRESPONDE FRANCO",AS22=0,"") -> NO CORRESPONDE FRANCO | AN22: =COUNTIF($G22:$AK22,"LLT") -> 0 | AO22: =COUNTIF($G22:$AK22,"LM") -> 1 | AP22: =COUNTIF($G22:$AK22,"FaC") -> 0 | AQ22: =COUNTIF($G22:$AK22,"LxE") -> 0 | AR22: =COUNTIF($G22:$AK22,"LA") -> 1 | AS22: =SUM(AO22:AR22) -> 2
G23: =COUNTIF(G4:G22,"P") + COUNTIF(G4:G22, "LLT") -> 7 | H23: =COUNTIF(H4:H22,"P") + COUNTIF(H4:H22, "LLT") -> 6 | I23: =COUNTIF(I4:I22,"P") + COUNTIF(I4:I22, "LLT") -> 6 | J23: =COUNTIF(J4:J22,"P") + COUNTIF(J4:J22, "LLT") -> 6 | K23: =COUNTIF(K4:K22,"P") + COUNTIF(K4:K22, "LLT") -> 6 | L23: =COUNTIF(L4:L22,"P") + COUNTIF(L4:L22, "LLT") -> 7 | M23: =COUNTIF(M4:M22,"P") + COUNTIF(M4:M22, "LLT") -> 4 | N23: =COUNTIF(N4:N22,"P") + COUNTIF(N4:N22, "LLT") -> 6 | ... AK23: =COUNTIF(AK4:AK22,"P") + COUNTIF(AK4:AK22, "LLT") -> 7
A25: PRESENTISMO GRUPO TURNO TARDE – OPERADORES 14 A 22
B26: G1 A Y B TT - 14 A 22 HS | G26: 1 | H26: 2 | I26: 3 | J26: 4 | K26: 5 | L26: 6 | M26: 7 | N26: 8 | O26: 9 | P26: 10 | Q26: 11 | R26: 12 | S26: 13 | T26: 14 | U26: 15 | V26: 16 | W26: 17 | X26: 18 | Y26: 19 | Z26: 20 | AA26: 21 | AB26: 22 | AC26: 23 | AD26: 24 | AE26: 25 | AF26: 26 | AG26: 27 | AH26: 28 | AI26: 29 | AJ26: 30 | AK26: 31
B27: JERARQUIA | C27: NOMBRE Y APELLIDO | D27: LP/DNI | E27: DOMICILIO | F27: CELULAR | G27: S | H27: D | I27: L | J27: M | K27: M | L27: J | M27: V | N27: S | O27: D | P27: L | Q27: M | R27: M | S27: J | T27: V | U27: S | V27: D | W27: L | X27: M | Y27: M | Z27: J | AA27: V | AB27: S | AC27: D | AD27: L | AE27: M | AF27: M | AG27: J | AH27: V | AI27: S | AJ27: D | AK27: L
A28: Grupo "A" TT | B28: Nivel J | C28: García, Feliciano Rodrigo | D28: 12290 | E28: BROWN 162 - CABA | F28: 11-6609-3942 | H28: P | I28: P | M28: P | N28: P | O28: P | S28: P | T28: P | U28: P | Y28: P | AA28: P | AB28: P | AE28: P | AF28: P | AG28: FA | AK28: P | AM28: =IFS(AN28>3,"NO CORRESPONDE FRANCO",AS28>0,"NO CORRESPONDE FRANCO",AS28=0,"") | AN28: =COUNTIF($G28:$AK28,"LLT") -> 0 | AO28: =COUNTIF($G28:$AK28,"LM") -> 0 | AP28: =COUNTIF($G28:$AK28,"FaC") -> 0 | AQ28: =COUNTIF($G28:$AK28,"LxE") -> 0 | AR28: =COUNTIF($G28:$AK28,"LA") -> 0 | AS28: =SUM(AO28:AR28) -> 0
B29: Nivel J | C29: Heredia, Matías | D29: 12936 | E29: Cavia 1845- Lanus Este | F29: 11-6167-5043/POC 1128993774 | G29: LLT | H29: P | I29: LLT | L29: 5 | M29: LLT | N29: P | O29: p | P29: P | S29: P | T29: OS | U29: OS | Y29: P | AA29: P | AB29: LLT | AE29: P | AF29: P | AK29: P | AM29: =IFS(AN29>3,"NO CORRESPONDE FRANCO",AS29>0,"NO CORRESPONDE FRANCO",AS29=0,"") -> NO CORRESPONDE FRANCO | AN29: =COUNTIF($G29:$AK29,"LLT") -> 4 | AO29: =COUNTIF($G29:$AK29,"LM") -> 0 | AP29: =COUNTIF($G29:$AK29,"FaC") -> 0 | AQ29: =COUNTIF($G29:$AK29,"LxE") -> 0 | AR29: =COUNTIF($G29:$AK29,"LA") -> 0 | AS29: =SUM(AO29:AR29) -> 0
A30: Grupo "B" TT | B30: Nivel I | C30: Sosa Noelia | D30: 12909 | E30: 9 DE JULIO 5205 - LANÚS | F30: 1157351767/ 1139276949 (POC) | G30: LA | H30: LA | I30: LA | J30: LA | N30: P | O30: p | P30: P | S30: p | T30: P | U30: P | V30: P | Z30: P | AA30: P | AB30: FA | AF30: P | AH30: P | AM30: =IFS(AN30>3,"NO CORRESPONDE FRANCO",AS30>0,"NO CORRESPONDE FRANCO",AS30=0,"") -> NO CORRESPONDE FRANCO | AN30: =COUNTIF($G30:$AK30,"LLT") -> 0 | AO30: =COUNTIF($G30:$AK30,"LM") -> 0 | AP30: =COUNTIF($G30:$AK30,"FaC") -> 0 | AQ30: =COUNTIF($G30:$AK30,"LxE") -> 0 | AR30: =COUNTIF($G30:$AK30,"LA") -> 4 | AS30: =SUM(AO30:AR30) -> 4
